name,Label,Gender,MentionCount,Type,BookID,Location,EventID,X_Coord,Y_Coord,Z_Coord,PersonID
Salomon_Hans_22257_Plateau_0,myself,he/him/his,51,Person,Salomon_Hans_22257_Plateau,,,,,,Salomon_Hans_22257_Plateau_0
Salomon_Hans_22257_Plateau_0@EVT_Salomon_Hans_22257_Plateau_1,myself,he/him/his,51,Occurrence,Salomon_Hans_22257_Plateau,Le Chambon-sur-Lignon,EVT_Salomon_Hans_22257_Plateau_1,45.06081,4.302941,961,Salomon_Hans_22257_Plateau_0
Salomon_Hans_22257_Plateau_24,Tracy Strong,she/her,13,Person,Salomon_Hans_22257_Plateau,,,,,,Salomon_Hans_22257_Plateau_24
Salomon_Hans_22257_Plateau_24@EVT_Salomon_Hans_22257_Plateau_1,Tracy Strong,she/her,13,Occurrence,Salomon_Hans_22257_Plateau,Le Chambon-sur-Lignon,EVT_Salomon_Hans_22257_Plateau_1,45.06081,4.302941,961,Salomon_Hans_22257_Plateau_24
Salomon_Hans_22257_Plateau_0@EVT_Salomon_Hans_22257_Plateau_2,myself,he/him/his,51,Occurrence,Salomon_Hans_22257_Plateau,Le Chambon-sur-Lignon,EVT_Salomon_Hans_22257_Plateau_2,45.06081,4.302941,961,Salomon_Hans_22257_Plateau_0
Salomon_Hans_22257_Plateau_25,Shlomo Schlarnak,they/them/their,2,Person,Salomon_Hans_22257_Plateau,,,,,,Salomon_Hans_22257_Plateau_25
Salomon_Hans_22257_Plateau_25@EVT_Salomon_Hans_22257_Plateau_2,Shlomo Schlarnak,they/them/their,2,Occurrence,Salomon_Hans_22257_Plateau,Le Chambon-sur-Lignon,EVT_Salomon_Hans_22257_Plateau_2,45.06081,4.302941,961,Salomon_Hans_22257_Plateau_25
Salomon_Hans_22257_Plateau_0@EVT_Salomon_Hans_22257_Plateau_3,myself,he/him/his,51,Occurrence,Salomon_Hans_22257_Plateau,Le Chambon-sur-Lignon,EVT_Salomon_Hans_22257_Plateau_3,45.06081,4.302941,961,Salomon_Hans_22257_Plateau_0
Salomon_Hans_22257_Plateau_26,Egon Gruenhut,,0,Person,Salomon_Hans_22257_Plateau,,,,,,Salomon_Hans_22257_Plateau_26
Salomon_Hans_22257_Plateau_26@EVT_Salomon_Hans_22257_Plateau_3,Egon Gruenhut,,0,Occurrence,Salomon_Hans_22257_Plateau,Le Chambon-sur-Lignon,EVT_Salomon_Hans_22257_Plateau_3,45.06081,4.302941,961,Salomon_Hans_22257_Plateau_26
Salomon_Hans_22257_Plateau_0@EVT_Salomon_Hans_22257_Plateau_4,myself,he/him/his,51,Occurrence,Salomon_Hans_22257_Plateau,Le Chambon-sur-Lignon,EVT_Salomon_Hans_22257_Plateau_4,45.06081,4.302941,961,Salomon_Hans_22257_Plateau_0
Salomon_Hans_22257_Plateau_27,Kurt Moerner,,0,Person,Salomon_Hans_22257_Plateau,,,,,,Salomon_Hans_22257_Plateau_27
Salomon_Hans_22257_Plateau_27@EVT_Salomon_Hans_22257_Plateau_4,Kurt Moerner,,0,Occurrence,Salomon_Hans_22257_Plateau,Le Chambon-sur-Lignon,EVT_Salomon_Hans_22257_Plateau_4,45.06081,4.302941,961,Salomon_Hans_22257_Plateau_27
Salomon_Hans_22257_Plateau_0@EVT_Salomon_Hans_22257_Plateau_5,myself,he/him/his,51,Occurrence,Salomon_Hans_22257_Plateau,Le Chambon-sur-Lignon,EVT_Salomon_Hans_22257_Plateau_5,45.06081,4.302941,961,Salomon_Hans_22257_Plateau_0
Salomon_Hans_22257_Plateau_28,Herbert Sterner,,0,Person,Salomon_Hans_22257_Plateau,,,,,,Salomon_Hans_22257_Plateau_28
Salomon_Hans_22257_Plateau_28@EVT_Salomon_Hans_22257_Plateau_5,Herbert Sterner,,0,Occurrence,Salomon_Hans_22257_Plateau,Le Chambon-sur-Lignon,EVT_Salomon_Hans_22257_Plateau_5,45.06081,4.302941,961,Salomon_Hans_22257_Plateau_28
Salomon_Hans_22257_Plateau_0@EVT_Salomon_Hans_22257_Plateau_6,myself,he/him/his,51,Occurrence,Salomon_Hans_22257_Plateau,Le Chambon-sur-Lignon,EVT_Salomon_Hans_22257_Plateau_6,45.06081,4.302941,961,Salomon_Hans_22257_Plateau_0
Salomon_Hans_22257_Plateau_36,Eugene Cotte,,0,Person,Salomon_Hans_22257_Plateau,,,,,,Salomon_Hans_22257_Plateau_36
Salomon_Hans_22257_Plateau_36@EVT_Salomon_Hans_22257_Plateau_6,Eugene Cotte,,0,Occurrence,Salomon_Hans_22257_Plateau,Le Chambon-sur-Lignon,EVT_Salomon_Hans_22257_Plateau_6,45.06081,4.302941,961,Salomon_Hans_22257_Plateau_36
Salomon_Hans_22257_Plateau_0@EVT_Salomon_Hans_22257_Plateau_7,myself,he/him/his,51,Occurrence,Salomon_Hans_22257_Plateau,Le Chambon-sur-Lignon,EVT_Salomon_Hans_22257_Plateau_7,45.06081,4.302941,961,Salomon_Hans_22257_Plateau_0
Salomon_Hans_22257_Plateau_39,Rosh Shoshana,,0,Person,Salomon_Hans_22257_Plateau,,,,,,Salomon_Hans_22257_Plateau_39
Salomon_Hans_22257_Plateau_39@EVT_Salomon_Hans_22257_Plateau_7,Rosh Shoshana,,0,Occurrence,Salomon_Hans_22257_Plateau,Le Chambon-sur-Lignon,EVT_Salomon_Hans_22257_Plateau_7,45.06081,4.302941,961,Salomon_Hans_22257_Plateau_39
Salomon_Hans_22257_Plateau_0@EVT_Salomon_Hans_22257_Plateau_8,myself,he/him/his,51,Occurrence,Salomon_Hans_22257_Plateau,Le Chambon-sur-Lignon,EVT_Salomon_Hans_22257_Plateau_8,45.06081,4.302941,961,Salomon_Hans_22257_Plateau_0
Salomon_Hans_22257_Plateau_40,Pierre Stocher,he/him/his,3,Person,Salomon_Hans_22257_Plateau,,,,,,Salomon_Hans_22257_Plateau_40
Salomon_Hans_22257_Plateau_40@EVT_Salomon_Hans_22257_Plateau_8,Pierre Stocher,he/him/his,3,Occurrence,Salomon_Hans_22257_Plateau,Le Chambon-sur-Lignon,EVT_Salomon_Hans_22257_Plateau_8,45.06081,4.302941,961,Salomon_Hans_22257_Plateau_40
Salomon_Hans_22257_Plateau_0@EVT_Salomon_Hans_22257_Plateau_9,myself,he/him/his,51,Occurrence,Salomon_Hans_22257_Plateau,Le Chambon-sur-Lignon,EVT_Salomon_Hans_22257_Plateau_9,45.06081,4.302941,961,Salomon_Hans_22257_Plateau_0
Salomon_Hans_22257_Plateau_55,we,unknown,11,Person,Salomon_Hans_22257_Plateau,,,,,,Salomon_Hans_22257_Plateau_55
Salomon_Hans_22257_Plateau_55@EVT_Salomon_Hans_22257_Plateau_9,we,unknown,11,Occurrence,Salomon_Hans_22257_Plateau,Le Chambon-sur-Lignon,EVT_Salomon_Hans_22257_Plateau_9,45.06081,4.302941,961,Salomon_Hans_22257_Plateau_55
Salomon_Hans_22257_Plateau_0@EVT_Salomon_Hans_22257_Plateau_10,myself,he/him/his,51,Occurrence,Salomon_Hans_22257_Plateau,Le Chambon-sur-Lignon,EVT_Salomon_Hans_22257_Plateau_10,45.06081,4.302941,961,Salomon_Hans_22257_Plateau_0
Salomon_Hans_22257_Plateau_55@EVT_Salomon_Hans_22257_Plateau_10,we,unknown,11,Occurrence,Salomon_Hans_22257_Plateau,Le Chambon-sur-Lignon,EVT_Salomon_Hans_22257_Plateau_10,45.06081,4.302941,961,Salomon_Hans_22257_Plateau_55
Salomon_Hans_22257_Plateau_0@EVT_Salomon_Hans_22257_Plateau_11,myself,he/him/his,51,Occurrence,Salomon_Hans_22257_Plateau,Le Chambon-sur-Lignon,EVT_Salomon_Hans_22257_Plateau_11,45.06081,4.302941,961,Salomon_Hans_22257_Plateau_0
Salomon_Hans_22257_Plateau_58,people that live there,,0,Person,Salomon_Hans_22257_Plateau,,,,,,Salomon_Hans_22257_Plateau_58
Salomon_Hans_22257_Plateau_58@EVT_Salomon_Hans_22257_Plateau_11,people that live there,,0,Occurrence,Salomon_Hans_22257_Plateau,Le Chambon-sur-Lignon,EVT_Salomon_Hans_22257_Plateau_11,45.06081,4.302941,961,Salomon_Hans_22257_Plateau_58
Salomon_Hans_22257_Plateau_0@EVT_Salomon_Hans_22257_Plateau_12,myself,he/him/his,51,Occurrence,Salomon_Hans_22257_Plateau,Le Chambon-sur-Lignon,EVT_Salomon_Hans_22257_Plateau_12,45.06081,4.302941,961,Salomon_Hans_22257_Plateau_0
Salomon_Hans_22257_Plateau_58@EVT_Salomon_Hans_22257_Plateau_12,people that live there,,0,Occurrence,Salomon_Hans_22257_Plateau,Le Chambon-sur-Lignon,EVT_Salomon_Hans_22257_Plateau_12,45.06081,4.302941,961,Salomon_Hans_22257_Plateau_58
Salomon_Hans_22257_Plateau_0@EVT_Salomon_Hans_22257_Plateau_13,myself,he/him/his,51,Occurrence,Salomon_Hans_22257_Plateau,Le Chambon-sur-Lignon,EVT_Salomon_Hans_22257_Plateau_13,45.06081,4.302941,961,Salomon_Hans_22257_Plateau_0
Salomon_Hans_22257_Plateau_59,Huguenots,,0,Person,Salomon_Hans_22257_Plateau,,,,,,Salomon_Hans_22257_Plateau_59
Salomon_Hans_22257_Plateau_59@EVT_Salomon_Hans_22257_Plateau_13,Huguenots,,0,Occurrence,Salomon_Hans_22257_Plateau,Le Chambon-sur-Lignon,EVT_Salomon_Hans_22257_Plateau_13,45.06081,4.302941,961,Salomon_Hans_22257_Plateau_59
Salomon_Hans_22257_Plateau_0@EVT_Salomon_Hans_22257_Plateau_14,myself,he/him/his,51,Occurrence,Salomon_Hans_22257_Plateau,Le Chambon-sur-Lignon,EVT_Salomon_Hans_22257_Plateau_14,45.06081,4.302941,961,Salomon_Hans_22257_Plateau_0
Salomon_Hans_22257_Plateau_59@EVT_Salomon_Hans_22257_Plateau_14,Huguenots,,0,Occurrence,Salomon_Hans_22257_Plateau,Le Chambon-sur-Lignon,EVT_Salomon_Hans_22257_Plateau_14,45.06081,4.302941,961,Salomon_Hans_22257_Plateau_59
Salomon_Hans_22257_Plateau_0@EVT_Salomon_Hans_22257_Plateau_15,myself,he/him/his,51,Occurrence,Salomon_Hans_22257_Plateau,Le Chambon-sur-Lignon,EVT_Salomon_Hans_22257_Plateau_15,45.06081,4.302941,961,Salomon_Hans_22257_Plateau_0
Salomon_Hans_22257_Plateau_60,a splinter group of the Protestant church,,0,Person,Salomon_Hans_22257_Plateau,,,,,,Salomon_Hans_22257_Plateau_60
Salomon_Hans_22257_Plateau_60@EVT_Salomon_Hans_22257_Plateau_15,a splinter group of the Protestant church,,0,Occurrence,Salomon_Hans_22257_Plateau,Le Chambon-sur-Lignon,EVT_Salomon_Hans_22257_Plateau_15,45.06081,4.302941,961,Salomon_Hans_22257_Plateau_60
Salomon_Hans_22257_Plateau_0@EVT_Salomon_Hans_22257_Plateau_16,myself,he/him/his,51,Occurrence,Salomon_Hans_22257_Plateau,Le Chambon-sur-Lignon,EVT_Salomon_Hans_22257_Plateau_16,45.06081,4.302941,961,Salomon_Hans_22257_Plateau_0
Salomon_Hans_22257_Plateau_60@EVT_Salomon_Hans_22257_Plateau_16,a splinter group of the Protestant church,,0,Occurrence,Salomon_Hans_22257_Plateau,Le Chambon-sur-Lignon,EVT_Salomon_Hans_22257_Plateau_16,45.06081,4.302941,961,Salomon_Hans_22257_Plateau_60
Salomon_Hans_22257_Plateau_0@EVT_Salomon_Hans_22257_Plateau_17,myself,he/him/his,51,Occurrence,Salomon_Hans_22257_Plateau,Le Chambon-sur-Lignon,EVT_Salomon_Hans_22257_Plateau_17,45.06081,4.302941,961,Salomon_Hans_22257_Plateau_0
Salomon_Hans_22257_Plateau_63,No one,unknown,2,Person,Salomon_Hans_22257_Plateau,,,,,,Salomon_Hans_22257_Plateau_63
Salomon_Hans_22257_Plateau_63@EVT_Salomon_Hans_22257_Plateau_17,No one,unknown,2,Occurrence,Salomon_Hans_22257_Plateau,Le Chambon-sur-Lignon,EVT_Salomon_Hans_22257_Plateau_17,45.06081,4.302941,961,Salomon_Hans_22257_Plateau_63
Salomon_Hans_22257_Plateau_0@EVT_Salomon_Hans_22257_Plateau_18,myself,he/him/his,51,Occurrence,Salomon_Hans_22257_Plateau,Le Chambon-sur-Lignon,EVT_Salomon_Hans_22257_Plateau_18,45.06081,4.302941,961,Salomon_Hans_22257_Plateau_0
Salomon_Hans_22257_Plateau_96,ourselves,unknown,10,Person,Salomon_Hans_22257_Plateau,,,,,,Salomon_Hans_22257_Plateau_96
Salomon_Hans_22257_Plateau_96@EVT_Salomon_Hans_22257_Plateau_18,ourselves,unknown,10,Occurrence,Salomon_Hans_22257_Plateau,Le Chambon-sur-Lignon,EVT_Salomon_Hans_22257_Plateau_18,45.06081,4.302941,961,Salomon_Hans_22257_Plateau_96
Salomon_Hans_22257_Plateau_0@EVT_Salomon_Hans_22257_Plateau_19,myself,he/him/his,51,Occurrence,Salomon_Hans_22257_Plateau,Le Chambon-sur-Lignon,EVT_Salomon_Hans_22257_Plateau_19,45.06081,4.302941,961,Salomon_Hans_22257_Plateau_0
Salomon_Hans_22257_Plateau_109,a farmer,he/him/his,2,Person,Salomon_Hans_22257_Plateau,,,,,,Salomon_Hans_22257_Plateau_109
Salomon_Hans_22257_Plateau_109@EVT_Salomon_Hans_22257_Plateau_19,a farmer,he/him/his,2,Occurrence,Salomon_Hans_22257_Plateau,Le Chambon-sur-Lignon,EVT_Salomon_Hans_22257_Plateau_19,45.06081,4.302941,961,Salomon_Hans_22257_Plateau_109
Salomon_Hans_22257_Plateau_0@EVT_Salomon_Hans_22257_Plateau_20,myself,he/him/his,51,Occurrence,Salomon_Hans_22257_Plateau,Le Chambon-sur-Lignon,EVT_Salomon_Hans_22257_Plateau_20,45.06081,4.302941,961,Salomon_Hans_22257_Plateau_0
Salomon_Hans_22257_Plateau_135,my parents,,0,Person,Salomon_Hans_22257_Plateau,,,,,,Salomon_Hans_22257_Plateau_135
Salomon_Hans_22257_Plateau_135@EVT_Salomon_Hans_22257_Plateau_20,my parents,,0,Occurrence,Salomon_Hans_22257_Plateau,Le Chambon-sur-Lignon,EVT_Salomon_Hans_22257_Plateau_20,45.06081,4.302941,961,Salomon_Hans_22257_Plateau_135
Salomon_Hans_22257_Plateau_0@EVT_Salomon_Hans_22257_Plateau_21,myself,he/him/his,51,Occurrence,Salomon_Hans_22257_Plateau,Le Chambon-sur-Lignon,EVT_Salomon_Hans_22257_Plateau_21,45.06081,4.302941,961,Salomon_Hans_22257_Plateau_0
Salomon_Hans_22257_Plateau_135@EVT_Salomon_Hans_22257_Plateau_21,my parents,,0,Occurrence,Salomon_Hans_22257_Plateau,Le Chambon-sur-Lignon,EVT_Salomon_Hans_22257_Plateau_21,45.06081,4.302941,961,Salomon_Hans_22257_Plateau_135
Salomon_Hans_22257_Plateau_0@EVT_Salomon_Hans_22257_Plateau_22,myself,he/him/his,51,Occurrence,Salomon_Hans_22257_Plateau,Le Chambon-sur-Lignon,EVT_Salomon_Hans_22257_Plateau_22,45.06081,4.302941,961,Salomon_Hans_22257_Plateau_0
Salomon_Hans_22257_Plateau_136,one man in Le Chambon - sur - Lignon,he/him/his,2,Person,Salomon_Hans_22257_Plateau,,,,,,Salomon_Hans_22257_Plateau_136
Salomon_Hans_22257_Plateau_136@EVT_Salomon_Hans_22257_Plateau_22,one man in Le Chambon - sur - Lignon,he/him/his,2,Occurrence,Salomon_Hans_22257_Plateau,Le Chambon-sur-Lignon,EVT_Salomon_Hans_22257_Plateau_22,45.06081,4.302941,961,Salomon_Hans_22257_Plateau_136
Salomon_Hans_22257_Plateau_24@EVT_Salomon_Hans_22257_Plateau_23,Tracy Strong,she/her,13,Occurrence,Salomon_Hans_22257_Plateau,Le Chambon-sur-Lignon,EVT_Salomon_Hans_22257_Plateau_23,45.06081,4.302941,961,Salomon_Hans_22257_Plateau_24
Salomon_Hans_22257_Plateau_39@EVT_Salomon_Hans_22257_Plateau_23,Rosh Shoshana,,0,Occurrence,Salomon_Hans_22257_Plateau,Le Chambon-sur-Lignon,EVT_Salomon_Hans_22257_Plateau_23,45.06081,4.302941,961,Salomon_Hans_22257_Plateau_39
Salomon_Hans_22257_Plateau_25@EVT_Salomon_Hans_22257_Plateau_24,Shlomo Schlarnak,they/them/their,2,Occurrence,Salomon_Hans_22257_Plateau,Le Chambon-sur-Lignon,EVT_Salomon_Hans_22257_Plateau_24,45.06081,4.302941,961,Salomon_Hans_22257_Plateau_25
Salomon_Hans_22257_Plateau_26@EVT_Salomon_Hans_22257_Plateau_24,Egon Gruenhut,,0,Occurrence,Salomon_Hans_22257_Plateau,Le Chambon-sur-Lignon,EVT_Salomon_Hans_22257_Plateau_24,45.06081,4.302941,961,Salomon_Hans_22257_Plateau_26
Salomon_Hans_22257_Plateau_25@EVT_Salomon_Hans_22257_Plateau_25,Shlomo Schlarnak,they/them/their,2,Occurrence,Salomon_Hans_22257_Plateau,Le Chambon-sur-Lignon,EVT_Salomon_Hans_22257_Plateau_25,45.06081,4.302941,961,Salomon_Hans_22257_Plateau_25
Salomon_Hans_22257_Plateau_27@EVT_Salomon_Hans_22257_Plateau_25,Kurt Moerner,,0,Occurrence,Salomon_Hans_22257_Plateau,Le Chambon-sur-Lignon,EVT_Salomon_Hans_22257_Plateau_25,45.06081,4.302941,961,Salomon_Hans_22257_Plateau_27
Salomon_Hans_22257_Plateau_25@EVT_Salomon_Hans_22257_Plateau_26,Shlomo Schlarnak,they/them/their,2,Occurrence,Salomon_Hans_22257_Plateau,Le Chambon-sur-Lignon,EVT_Salomon_Hans_22257_Plateau_26,45.06081,4.302941,961,Salomon_Hans_22257_Plateau_25
Salomon_Hans_22257_Plateau_28@EVT_Salomon_Hans_22257_Plateau_26,Herbert Sterner,,0,Occurrence,Salomon_Hans_22257_Plateau,Le Chambon-sur-Lignon,EVT_Salomon_Hans_22257_Plateau_26,45.06081,4.302941,961,Salomon_Hans_22257_Plateau_28
Salomon_Hans_22257_Plateau_25@EVT_Salomon_Hans_22257_Plateau_27,Shlomo Schlarnak,they/them/their,2,Occurrence,Salomon_Hans_22257_Plateau,Le Chambon-sur-Lignon,EVT_Salomon_Hans_22257_Plateau_27,45.06081,4.302941,961,Salomon_Hans_22257_Plateau_25
Salomon_Hans_22257_Plateau_55@EVT_Salomon_Hans_22257_Plateau_27,we,unknown,11,Occurrence,Salomon_Hans_22257_Plateau,Le Chambon-sur-Lignon,EVT_Salomon_Hans_22257_Plateau_27,45.06081,4.302941,961,Salomon_Hans_22257_Plateau_55
Salomon_Hans_22257_Plateau_25@EVT_Salomon_Hans_22257_Plateau_28,Shlomo Schlarnak,they/them/their,2,Occurrence,Salomon_Hans_22257_Plateau,Le Chambon-sur-Lignon,EVT_Salomon_Hans_22257_Plateau_28,45.06081,4.302941,961,Salomon_Hans_22257_Plateau_25
Salomon_Hans_22257_Plateau_58@EVT_Salomon_Hans_22257_Plateau_28,people that live there,,0,Occurrence,Salomon_Hans_22257_Plateau,Le Chambon-sur-Lignon,EVT_Salomon_Hans_22257_Plateau_28,45.06081,4.302941,961,Salomon_Hans_22257_Plateau_58
Salomon_Hans_22257_Plateau_25@EVT_Salomon_Hans_22257_Plateau_29,Shlomo Schlarnak,they/them/their,2,Occurrence,Salomon_Hans_22257_Plateau,Le Chambon-sur-Lignon,EVT_Salomon_Hans_22257_Plateau_29,45.06081,4.302941,961,Salomon_Hans_22257_Plateau_25
Salomon_Hans_22257_Plateau_59@EVT_Salomon_Hans_22257_Plateau_29,Huguenots,,0,Occurrence,Salomon_Hans_22257_Plateau,Le Chambon-sur-Lignon,EVT_Salomon_Hans_22257_Plateau_29,45.06081,4.302941,961,Salomon_Hans_22257_Plateau_59
Salomon_Hans_22257_Plateau_25@EVT_Salomon_Hans_22257_Plateau_30,Shlomo Schlarnak,they/them/their,2,Occurrence,Salomon_Hans_22257_Plateau,Le Chambon-sur-Lignon,EVT_Salomon_Hans_22257_Plateau_30,45.06081,4.302941,961,Salomon_Hans_22257_Plateau_25
Salomon_Hans_22257_Plateau_60@EVT_Salomon_Hans_22257_Plateau_30,a splinter group of the Protestant church,,0,Occurrence,Salomon_Hans_22257_Plateau,Le Chambon-sur-Lignon,EVT_Salomon_Hans_22257_Plateau_30,45.06081,4.302941,961,Salomon_Hans_22257_Plateau_60
Salomon_Hans_22257_Plateau_26@EVT_Salomon_Hans_22257_Plateau_31,Egon Gruenhut,,0,Occurrence,Salomon_Hans_22257_Plateau,Le Chambon-sur-Lignon,EVT_Salomon_Hans_22257_Plateau_31,45.06081,4.302941,961,Salomon_Hans_22257_Plateau_26
Salomon_Hans_22257_Plateau_27@EVT_Salomon_Hans_22257_Plateau_31,Kurt Moerner,,0,Occurrence,Salomon_Hans_22257_Plateau,Le Chambon-sur-Lignon,EVT_Salomon_Hans_22257_Plateau_31,45.06081,4.302941,961,Salomon_Hans_22257_Plateau_27
Salomon_Hans_22257_Plateau_26@EVT_Salomon_Hans_22257_Plateau_32,Egon Gruenhut,,0,Occurrence,Salomon_Hans_22257_Plateau,Le Chambon-sur-Lignon,EVT_Salomon_Hans_22257_Plateau_32,45.06081,4.302941,961,Salomon_Hans_22257_Plateau_26
Salomon_Hans_22257_Plateau_28@EVT_Salomon_Hans_22257_Plateau_32,Herbert Sterner,,0,Occurrence,Salomon_Hans_22257_Plateau,Le Chambon-sur-Lignon,EVT_Salomon_Hans_22257_Plateau_32,45.06081,4.302941,961,Salomon_Hans_22257_Plateau_28
Salomon_Hans_22257_Plateau_26@EVT_Salomon_Hans_22257_Plateau_33,Egon Gruenhut,,0,Occurrence,Salomon_Hans_22257_Plateau,Le Chambon-sur-Lignon,EVT_Salomon_Hans_22257_Plateau_33,45.06081,4.302941,961,Salomon_Hans_22257_Plateau_26
Salomon_Hans_22257_Plateau_55@EVT_Salomon_Hans_22257_Plateau_33,we,unknown,11,Occurrence,Salomon_Hans_22257_Plateau,Le Chambon-sur-Lignon,EVT_Salomon_Hans_22257_Plateau_33,45.06081,4.302941,961,Salomon_Hans_22257_Plateau_55
Salomon_Hans_22257_Plateau_26@EVT_Salomon_Hans_22257_Plateau_34,Egon Gruenhut,,0,Occurrence,Salomon_Hans_22257_Plateau,Le Chambon-sur-Lignon,EVT_Salomon_Hans_22257_Plateau_34,45.06081,4.302941,961,Salomon_Hans_22257_Plateau_26
Salomon_Hans_22257_Plateau_58@EVT_Salomon_Hans_22257_Plateau_34,people that live there,,0,Occurrence,Salomon_Hans_22257_Plateau,Le Chambon-sur-Lignon,EVT_Salomon_Hans_22257_Plateau_34,45.06081,4.302941,961,Salomon_Hans_22257_Plateau_58
Salomon_Hans_22257_Plateau_26@EVT_Salomon_Hans_22257_Plateau_35,Egon Gruenhut,,0,Occurrence,Salomon_Hans_22257_Plateau,Le Chambon-sur-Lignon,EVT_Salomon_Hans_22257_Plateau_35,45.06081,4.302941,961,Salomon_Hans_22257_Plateau_26
Salomon_Hans_22257_Plateau_59@EVT_Salomon_Hans_22257_Plateau_35,Huguenots,,0,Occurrence,Salomon_Hans_22257_Plateau,Le Chambon-sur-Lignon,EVT_Salomon_Hans_22257_Plateau_35,45.06081,4.302941,961,Salomon_Hans_22257_Plateau_59
Salomon_Hans_22257_Plateau_26@EVT_Salomon_Hans_22257_Plateau_36,Egon Gruenhut,,0,Occurrence,Salomon_Hans_22257_Plateau,Le Chambon-sur-Lignon,EVT_Salomon_Hans_22257_Plateau_36,45.06081,4.302941,961,Salomon_Hans_22257_Plateau_26
Salomon_Hans_22257_Plateau_60@EVT_Salomon_Hans_22257_Plateau_36,a splinter group of the Protestant church,,0,Occurrence,Salomon_Hans_22257_Plateau,Le Chambon-sur-Lignon,EVT_Salomon_Hans_22257_Plateau_36,45.06081,4.302941,961,Salomon_Hans_22257_Plateau_60
Salomon_Hans_22257_Plateau_27@EVT_Salomon_Hans_22257_Plateau_37,Kurt Moerner,,0,Occurrence,Salomon_Hans_22257_Plateau,Le Chambon-sur-Lignon,EVT_Salomon_Hans_22257_Plateau_37,45.06081,4.302941,961,Salomon_Hans_22257_Plateau_27
Salomon_Hans_22257_Plateau_28@EVT_Salomon_Hans_22257_Plateau_37,Herbert Sterner,,0,Occurrence,Salomon_Hans_22257_Plateau,Le Chambon-sur-Lignon,EVT_Salomon_Hans_22257_Plateau_37,45.06081,4.302941,961,Salomon_Hans_22257_Plateau_28
Salomon_Hans_22257_Plateau_27@EVT_Salomon_Hans_22257_Plateau_38,Kurt Moerner,,0,Occurrence,Salomon_Hans_22257_Plateau,Le Chambon-sur-Lignon,EVT_Salomon_Hans_22257_Plateau_38,45.06081,4.302941,961,Salomon_Hans_22257_Plateau_27
Salomon_Hans_22257_Plateau_55@EVT_Salomon_Hans_22257_Plateau_38,we,unknown,11,Occurrence,Salomon_Hans_22257_Plateau,Le Chambon-sur-Lignon,EVT_Salomon_Hans_22257_Plateau_38,45.06081,4.302941,961,Salomon_Hans_22257_Plateau_55
Salomon_Hans_22257_Plateau_27@EVT_Salomon_Hans_22257_Plateau_39,Kurt Moerner,,0,Occurrence,Salomon_Hans_22257_Plateau,Le Chambon-sur-Lignon,EVT_Salomon_Hans_22257_Plateau_39,45.06081,4.302941,961,Salomon_Hans_22257_Plateau_27
Salomon_Hans_22257_Plateau_58@EVT_Salomon_Hans_22257_Plateau_39,people that live there,,0,Occurrence,Salomon_Hans_22257_Plateau,Le Chambon-sur-Lignon,EVT_Salomon_Hans_22257_Plateau_39,45.06081,4.302941,961,Salomon_Hans_22257_Plateau_58
Salomon_Hans_22257_Plateau_27@EVT_Salomon_Hans_22257_Plateau_40,Kurt Moerner,,0,Occurrence,Salomon_Hans_22257_Plateau,Le Chambon-sur-Lignon,EVT_Salomon_Hans_22257_Plateau_40,45.06081,4.302941,961,Salomon_Hans_22257_Plateau_27
Salomon_Hans_22257_Plateau_59@EVT_Salomon_Hans_22257_Plateau_40,Huguenots,,0,Occurrence,Salomon_Hans_22257_Plateau,Le Chambon-sur-Lignon,EVT_Salomon_Hans_22257_Plateau_40,45.06081,4.302941,961,Salomon_Hans_22257_Plateau_59
Salomon_Hans_22257_Plateau_27@EVT_Salomon_Hans_22257_Plateau_41,Kurt Moerner,,0,Occurrence,Salomon_Hans_22257_Plateau,Le Chambon-sur-Lignon,EVT_Salomon_Hans_22257_Plateau_41,45.06081,4.302941,961,Salomon_Hans_22257_Plateau_27
Salomon_Hans_22257_Plateau_60@EVT_Salomon_Hans_22257_Plateau_41,a splinter group of the Protestant church,,0,Occurrence,Salomon_Hans_22257_Plateau,Le Chambon-sur-Lignon,EVT_Salomon_Hans_22257_Plateau_41,45.06081,4.302941,961,Salomon_Hans_22257_Plateau_60
Salomon_Hans_22257_Plateau_28@EVT_Salomon_Hans_22257_Plateau_42,Herbert Sterner,,0,Occurrence,Salomon_Hans_22257_Plateau,Le Chambon-sur-Lignon,EVT_Salomon_Hans_22257_Plateau_42,45.06081,4.302941,961,Salomon_Hans_22257_Plateau_28
Salomon_Hans_22257_Plateau_55@EVT_Salomon_Hans_22257_Plateau_42,we,unknown,11,Occurrence,Salomon_Hans_22257_Plateau,Le Chambon-sur-Lignon,EVT_Salomon_Hans_22257_Plateau_42,45.06081,4.302941,961,Salomon_Hans_22257_Plateau_55
Salomon_Hans_22257_Plateau_28@EVT_Salomon_Hans_22257_Plateau_43,Herbert Sterner,,0,Occurrence,Salomon_Hans_22257_Plateau,Le Chambon-sur-Lignon,EVT_Salomon_Hans_22257_Plateau_43,45.06081,4.302941,961,Salomon_Hans_22257_Plateau_28
Salomon_Hans_22257_Plateau_58@EVT_Salomon_Hans_22257_Plateau_43,people that live there,,0,Occurrence,Salomon_Hans_22257_Plateau,Le Chambon-sur-Lignon,EVT_Salomon_Hans_22257_Plateau_43,45.06081,4.302941,961,Salomon_Hans_22257_Plateau_58
Salomon_Hans_22257_Plateau_28@EVT_Salomon_Hans_22257_Plateau_44,Herbert Sterner,,0,Occurrence,Salomon_Hans_22257_Plateau,Le Chambon-sur-Lignon,EVT_Salomon_Hans_22257_Plateau_44,45.06081,4.302941,961,Salomon_Hans_22257_Plateau_28
Salomon_Hans_22257_Plateau_59@EVT_Salomon_Hans_22257_Plateau_44,Huguenots,,0,Occurrence,Salomon_Hans_22257_Plateau,Le Chambon-sur-Lignon,EVT_Salomon_Hans_22257_Plateau_44,45.06081,4.302941,961,Salomon_Hans_22257_Plateau_59
Salomon_Hans_22257_Plateau_28@EVT_Salomon_Hans_22257_Plateau_45,Herbert Sterner,,0,Occurrence,Salomon_Hans_22257_Plateau,Le Chambon-sur-Lignon,EVT_Salomon_Hans_22257_Plateau_45,45.06081,4.302941,961,Salomon_Hans_22257_Plateau_28
Salomon_Hans_22257_Plateau_60@EVT_Salomon_Hans_22257_Plateau_45,a splinter group of the Protestant church,,0,Occurrence,Salomon_Hans_22257_Plateau,Le Chambon-sur-Lignon,EVT_Salomon_Hans_22257_Plateau_45,45.06081,4.302941,961,Salomon_Hans_22257_Plateau_60
Salomon_Hans_22257_Plateau_30,Jews,they/them/their,3,Person,Salomon_Hans_22257_Plateau,,,,,,Salomon_Hans_22257_Plateau_30
Salomon_Hans_22257_Plateau_30@EVT_Salomon_Hans_22257_Plateau_46,Jews,they/them/their,3,Occurrence,Salomon_Hans_22257_Plateau,Le Chambon-sur-Lignon,EVT_Salomon_Hans_22257_Plateau_46,45.06081,4.302941,961,Salomon_Hans_22257_Plateau_30
Salomon_Hans_22257_Plateau_35,Pastor Trocme,he/him/his,3,Person,Salomon_Hans_22257_Plateau,,,,,,Salomon_Hans_22257_Plateau_35
Salomon_Hans_22257_Plateau_35@EVT_Salomon_Hans_22257_Plateau_46,Pastor Trocme,he/him/his,3,Occurrence,Salomon_Hans_22257_Plateau,Le Chambon-sur-Lignon,EVT_Salomon_Hans_22257_Plateau_46,45.06081,4.302941,961,Salomon_Hans_22257_Plateau_35
Salomon_Hans_22257_Plateau_30@EVT_Salomon_Hans_22257_Plateau_47,Jews,they/them/their,3,Occurrence,Salomon_Hans_22257_Plateau,Le Chambon-sur-Lignon,EVT_Salomon_Hans_22257_Plateau_47,45.06081,4.302941,961,Salomon_Hans_22257_Plateau_30
Salomon_Hans_22257_Plateau_92,you,unknown,3,Person,Salomon_Hans_22257_Plateau,,,,,,Salomon_Hans_22257_Plateau_92
Salomon_Hans_22257_Plateau_92@EVT_Salomon_Hans_22257_Plateau_47,you,unknown,3,Occurrence,Salomon_Hans_22257_Plateau,Le Chambon-sur-Lignon,EVT_Salomon_Hans_22257_Plateau_47,45.06081,4.302941,961,Salomon_Hans_22257_Plateau_92
Salomon_Hans_22257_Plateau_30@EVT_Salomon_Hans_22257_Plateau_48,Jews,they/them/their,3,Occurrence,Salomon_Hans_22257_Plateau,Le Chambon-sur-Lignon,EVT_Salomon_Hans_22257_Plateau_48,45.06081,4.302941,961,Salomon_Hans_22257_Plateau_30
Salomon_Hans_22257_Plateau_94,your neighbor,unknown,2,Person,Salomon_Hans_22257_Plateau,,,,,,Salomon_Hans_22257_Plateau_94
Salomon_Hans_22257_Plateau_94@EVT_Salomon_Hans_22257_Plateau_48,your neighbor,unknown,2,Occurrence,Salomon_Hans_22257_Plateau,Le Chambon-sur-Lignon,EVT_Salomon_Hans_22257_Plateau_48,45.06081,4.302941,961,Salomon_Hans_22257_Plateau_94
Salomon_Hans_22257_Plateau_30@EVT_Salomon_Hans_22257_Plateau_49,Jews,they/them/their,3,Occurrence,Salomon_Hans_22257_Plateau,Le Chambon-sur-Lignon,EVT_Salomon_Hans_22257_Plateau_49,45.06081,4.302941,961,Salomon_Hans_22257_Plateau_30
Salomon_Hans_22257_Plateau_96@EVT_Salomon_Hans_22257_Plateau_49,ourselves,unknown,10,Occurrence,Salomon_Hans_22257_Plateau,Le Chambon-sur-Lignon,EVT_Salomon_Hans_22257_Plateau_49,45.06081,4.302941,961,Salomon_Hans_22257_Plateau_96
Salomon_Hans_22257_Plateau_30@EVT_Salomon_Hans_22257_Plateau_50,Jews,they/them/their,3,Occurrence,Salomon_Hans_22257_Plateau,Le Chambon-sur-Lignon,EVT_Salomon_Hans_22257_Plateau_50,45.06081,4.302941,961,Salomon_Hans_22257_Plateau_30
Salomon_Hans_22257_Plateau_99,5000 Jews,,0,Person,Salomon_Hans_22257_Plateau,,,,,,Salomon_Hans_22257_Plateau_99
Salomon_Hans_22257_Plateau_99@EVT_Salomon_Hans_22257_Plateau_50,5000 Jews,,0,Occurrence,Salomon_Hans_22257_Plateau,Le Chambon-sur-Lignon,EVT_Salomon_Hans_22257_Plateau_50,45.06081,4.302941,961,Salomon_Hans_22257_Plateau_99
Salomon_Hans_22257_Plateau_33,Andre Trocme,,0,Person,Salomon_Hans_22257_Plateau,,,,,,Salomon_Hans_22257_Plateau_33
Salomon_Hans_22257_Plateau_33@EVT_Salomon_Hans_22257_Plateau_51,Andre Trocme,,0,Occurrence,Salomon_Hans_22257_Plateau,Le Chambon-sur-Lignon,EVT_Salomon_Hans_22257_Plateau_51,45.06081,4.302941,961,Salomon_Hans_22257_Plateau_33
Salomon_Hans_22257_Plateau_34,Magda Trocme,,0,Person,Salomon_Hans_22257_Plateau,,,,,,Salomon_Hans_22257_Plateau_34
Salomon_Hans_22257_Plateau_34@EVT_Salomon_Hans_22257_Plateau_51,Magda Trocme,,0,Occurrence,Salomon_Hans_22257_Plateau,Le Chambon-sur-Lignon,EVT_Salomon_Hans_22257_Plateau_51,45.06081,4.302941,961,Salomon_Hans_22257_Plateau_34
Salomon_Hans_22257_Plateau_33@EVT_Salomon_Hans_22257_Plateau_52,Andre Trocme,,0,Occurrence,Salomon_Hans_22257_Plateau,Le Chambon-sur-Lignon,EVT_Salomon_Hans_22257_Plateau_52,45.06081,4.302941,961,Salomon_Hans_22257_Plateau_33
Salomon_Hans_22257_Plateau_87,Pastor Andre Trocme,he/him/his,3,Person,Salomon_Hans_22257_Plateau,,,,,,Salomon_Hans_22257_Plateau_87
Salomon_Hans_22257_Plateau_87@EVT_Salomon_Hans_22257_Plateau_52,Pastor Andre Trocme,he/him/his,3,Occurrence,Salomon_Hans_22257_Plateau,Le Chambon-sur-Lignon,EVT_Salomon_Hans_22257_Plateau_52,45.06081,4.302941,961,Salomon_Hans_22257_Plateau_87
Salomon_Hans_22257_Plateau_33@EVT_Salomon_Hans_22257_Plateau_53,Andre Trocme,,0,Occurrence,Salomon_Hans_22257_Plateau,Le Chambon-sur-Lignon,EVT_Salomon_Hans_22257_Plateau_53,45.06081,4.302941,961,Salomon_Hans_22257_Plateau_33
Salomon_Hans_22257_Plateau_88,his wife,,0,Person,Salomon_Hans_22257_Plateau,,,,,,Salomon_Hans_22257_Plateau_88
Salomon_Hans_22257_Plateau_88@EVT_Salomon_Hans_22257_Plateau_53,his wife,,0,Occurrence,Salomon_Hans_22257_Plateau,Le Chambon-sur-Lignon,EVT_Salomon_Hans_22257_Plateau_53,45.06081,4.302941,961,Salomon_Hans_22257_Plateau_88
Salomon_Hans_22257_Plateau_33@EVT_Salomon_Hans_22257_Plateau_54,Andre Trocme,,0,Occurrence,Salomon_Hans_22257_Plateau,Le Chambon-sur-Lignon,EVT_Salomon_Hans_22257_Plateau_54,45.06081,4.302941,961,Salomon_Hans_22257_Plateau_33
Salomon_Hans_22257_Plateau_89,They,they/them/their,5,Person,Salomon_Hans_22257_Plateau,,,,,,Salomon_Hans_22257_Plateau_89
Salomon_Hans_22257_Plateau_89@EVT_Salomon_Hans_22257_Plateau_54,They,they/them/their,5,Occurrence,Salomon_Hans_22257_Plateau,Le Chambon-sur-Lignon,EVT_Salomon_Hans_22257_Plateau_54,45.06081,4.302941,961,Salomon_Hans_22257_Plateau_89
Salomon_Hans_22257_Plateau_33@EVT_Salomon_Hans_22257_Plateau_55,Andre Trocme,,0,Occurrence,Salomon_Hans_22257_Plateau,Le Chambon-sur-Lignon,EVT_Salomon_Hans_22257_Plateau_55,45.06081,4.302941,961,Salomon_Hans_22257_Plateau_33
Salomon_Hans_22257_Plateau_90,"the clergy of the church in , in Chambon - sur - Lignon",,0,Person,Salomon_Hans_22257_Plateau,,,,,,Salomon_Hans_22257_Plateau_90
Salomon_Hans_22257_Plateau_90@EVT_Salomon_Hans_22257_Plateau_55,"the clergy of the church in , in Chambon - sur - Lignon",,0,Occurrence,Salomon_Hans_22257_Plateau,Le Chambon-sur-Lignon,EVT_Salomon_Hans_22257_Plateau_55,45.06081,4.302941,961,Salomon_Hans_22257_Plateau_90
Salomon_Hans_22257_Plateau_33@EVT_Salomon_Hans_22257_Plateau_56,Andre Trocme,,0,Occurrence,Salomon_Hans_22257_Plateau,Le Chambon-sur-Lignon,EVT_Salomon_Hans_22257_Plateau_56,45.06081,4.302941,961,Salomon_Hans_22257_Plateau_33
Salomon_Hans_22257_Plateau_92@EVT_Salomon_Hans_22257_Plateau_56,you,unknown,3,Occurrence,Salomon_Hans_22257_Plateau,Le Chambon-sur-Lignon,EVT_Salomon_Hans_22257_Plateau_56,45.06081,4.302941,961,Salomon_Hans_22257_Plateau_92
Salomon_Hans_22257_Plateau_33@EVT_Salomon_Hans_22257_Plateau_57,Andre Trocme,,0,Occurrence,Salomon_Hans_22257_Plateau,Le Chambon-sur-Lignon,EVT_Salomon_Hans_22257_Plateau_57,45.06081,4.302941,961,Salomon_Hans_22257_Plateau_33
Salomon_Hans_22257_Plateau_94@EVT_Salomon_Hans_22257_Plateau_57,your neighbor,unknown,2,Occurrence,Salomon_Hans_22257_Plateau,Le Chambon-sur-Lignon,EVT_Salomon_Hans_22257_Plateau_57,45.06081,4.302941,961,Salomon_Hans_22257_Plateau_94
Salomon_Hans_22257_Plateau_33@EVT_Salomon_Hans_22257_Plateau_58,Andre Trocme,,0,Occurrence,Salomon_Hans_22257_Plateau,Le Chambon-sur-Lignon,EVT_Salomon_Hans_22257_Plateau_58,45.06081,4.302941,961,Salomon_Hans_22257_Plateau_33
Salomon_Hans_22257_Plateau_95,self,,0,Person,Salomon_Hans_22257_Plateau,,,,,,Salomon_Hans_22257_Plateau_95
Salomon_Hans_22257_Plateau_95@EVT_Salomon_Hans_22257_Plateau_58,self,,0,Occurrence,Salomon_Hans_22257_Plateau,Le Chambon-sur-Lignon,EVT_Salomon_Hans_22257_Plateau_58,45.06081,4.302941,961,Salomon_Hans_22257_Plateau_95
Salomon_Hans_22257_Plateau_33@EVT_Salomon_Hans_22257_Plateau_59,Andre Trocme,,0,Occurrence,Salomon_Hans_22257_Plateau,Le Chambon-sur-Lignon,EVT_Salomon_Hans_22257_Plateau_59,45.06081,4.302941,961,Salomon_Hans_22257_Plateau_33
Salomon_Hans_22257_Plateau_96@EVT_Salomon_Hans_22257_Plateau_59,ourselves,unknown,10,Occurrence,Salomon_Hans_22257_Plateau,Le Chambon-sur-Lignon,EVT_Salomon_Hans_22257_Plateau_59,45.06081,4.302941,961,Salomon_Hans_22257_Plateau_96
Salomon_Hans_22257_Plateau_34@EVT_Salomon_Hans_22257_Plateau_60,Magda Trocme,,0,Occurrence,Salomon_Hans_22257_Plateau,Le Chambon-sur-Lignon,EVT_Salomon_Hans_22257_Plateau_60,45.06081,4.302941,961,Salomon_Hans_22257_Plateau_34
Salomon_Hans_22257_Plateau_87@EVT_Salomon_Hans_22257_Plateau_60,Pastor Andre Trocme,he/him/his,3,Occurrence,Salomon_Hans_22257_Plateau,Le Chambon-sur-Lignon,EVT_Salomon_Hans_22257_Plateau_60,45.06081,4.302941,961,Salomon_Hans_22257_Plateau_87
Salomon_Hans_22257_Plateau_34@EVT_Salomon_Hans_22257_Plateau_61,Magda Trocme,,0,Occurrence,Salomon_Hans_22257_Plateau,Le Chambon-sur-Lignon,EVT_Salomon_Hans_22257_Plateau_61,45.06081,4.302941,961,Salomon_Hans_22257_Plateau_34
Salomon_Hans_22257_Plateau_88@EVT_Salomon_Hans_22257_Plateau_61,his wife,,0,Occurrence,Salomon_Hans_22257_Plateau,Le Chambon-sur-Lignon,EVT_Salomon_Hans_22257_Plateau_61,45.06081,4.302941,961,Salomon_Hans_22257_Plateau_88
Salomon_Hans_22257_Plateau_34@EVT_Salomon_Hans_22257_Plateau_62,Magda Trocme,,0,Occurrence,Salomon_Hans_22257_Plateau,Le Chambon-sur-Lignon,EVT_Salomon_Hans_22257_Plateau_62,45.06081,4.302941,961,Salomon_Hans_22257_Plateau_34
Salomon_Hans_22257_Plateau_89@EVT_Salomon_Hans_22257_Plateau_62,They,they/them/their,5,Occurrence,Salomon_Hans_22257_Plateau,Le Chambon-sur-Lignon,EVT_Salomon_Hans_22257_Plateau_62,45.06081,4.302941,961,Salomon_Hans_22257_Plateau_89
Salomon_Hans_22257_Plateau_34@EVT_Salomon_Hans_22257_Plateau_63,Magda Trocme,,0,Occurrence,Salomon_Hans_22257_Plateau,Le Chambon-sur-Lignon,EVT_Salomon_Hans_22257_Plateau_63,45.06081,4.302941,961,Salomon_Hans_22257_Plateau_34
Salomon_Hans_22257_Plateau_90@EVT_Salomon_Hans_22257_Plateau_63,"the clergy of the church in , in Chambon - sur - Lignon",,0,Occurrence,Salomon_Hans_22257_Plateau,Le Chambon-sur-Lignon,EVT_Salomon_Hans_22257_Plateau_63,45.06081,4.302941,961,Salomon_Hans_22257_Plateau_90
Salomon_Hans_22257_Plateau_34@EVT_Salomon_Hans_22257_Plateau_64,Magda Trocme,,0,Occurrence,Salomon_Hans_22257_Plateau,Le Chambon-sur-Lignon,EVT_Salomon_Hans_22257_Plateau_64,45.06081,4.302941,961,Salomon_Hans_22257_Plateau_34
Salomon_Hans_22257_Plateau_92@EVT_Salomon_Hans_22257_Plateau_64,you,unknown,3,Occurrence,Salomon_Hans_22257_Plateau,Le Chambon-sur-Lignon,EVT_Salomon_Hans_22257_Plateau_64,45.06081,4.302941,961,Salomon_Hans_22257_Plateau_92
Salomon_Hans_22257_Plateau_34@EVT_Salomon_Hans_22257_Plateau_65,Magda Trocme,,0,Occurrence,Salomon_Hans_22257_Plateau,Le Chambon-sur-Lignon,EVT_Salomon_Hans_22257_Plateau_65,45.06081,4.302941,961,Salomon_Hans_22257_Plateau_34
Salomon_Hans_22257_Plateau_94@EVT_Salomon_Hans_22257_Plateau_65,your neighbor,unknown,2,Occurrence,Salomon_Hans_22257_Plateau,Le Chambon-sur-Lignon,EVT_Salomon_Hans_22257_Plateau_65,45.06081,4.302941,961,Salomon_Hans_22257_Plateau_94
Salomon_Hans_22257_Plateau_34@EVT_Salomon_Hans_22257_Plateau_66,Magda Trocme,,0,Occurrence,Salomon_Hans_22257_Plateau,Le Chambon-sur-Lignon,EVT_Salomon_Hans_22257_Plateau_66,45.06081,4.302941,961,Salomon_Hans_22257_Plateau_34
Salomon_Hans_22257_Plateau_95@EVT_Salomon_Hans_22257_Plateau_66,self,,0,Occurrence,Salomon_Hans_22257_Plateau,Le Chambon-sur-Lignon,EVT_Salomon_Hans_22257_Plateau_66,45.06081,4.302941,961,Salomon_Hans_22257_Plateau_95
Salomon_Hans_22257_Plateau_34@EVT_Salomon_Hans_22257_Plateau_67,Magda Trocme,,0,Occurrence,Salomon_Hans_22257_Plateau,Le Chambon-sur-Lignon,EVT_Salomon_Hans_22257_Plateau_67,45.06081,4.302941,961,Salomon_Hans_22257_Plateau_34
Salomon_Hans_22257_Plateau_96@EVT_Salomon_Hans_22257_Plateau_67,ourselves,unknown,10,Occurrence,Salomon_Hans_22257_Plateau,Le Chambon-sur-Lignon,EVT_Salomon_Hans_22257_Plateau_67,45.06081,4.302941,961,Salomon_Hans_22257_Plateau_96
Salomon_Hans_22257_Plateau_35@EVT_Salomon_Hans_22257_Plateau_68,Pastor Trocme,he/him/his,3,Occurrence,Salomon_Hans_22257_Plateau,Le Chambon-sur-Lignon,EVT_Salomon_Hans_22257_Plateau_68,45.06081,4.302941,961,Salomon_Hans_22257_Plateau_35
Salomon_Hans_22257_Plateau_92@EVT_Salomon_Hans_22257_Plateau_68,you,unknown,3,Occurrence,Salomon_Hans_22257_Plateau,Le Chambon-sur-Lignon,EVT_Salomon_Hans_22257_Plateau_68,45.06081,4.302941,961,Salomon_Hans_22257_Plateau_92
Salomon_Hans_22257_Plateau_35@EVT_Salomon_Hans_22257_Plateau_69,Pastor Trocme,he/him/his,3,Occurrence,Salomon_Hans_22257_Plateau,Le Chambon-sur-Lignon,EVT_Salomon_Hans_22257_Plateau_69,45.06081,4.302941,961,Salomon_Hans_22257_Plateau_35
Salomon_Hans_22257_Plateau_94@EVT_Salomon_Hans_22257_Plateau_69,your neighbor,unknown,2,Occurrence,Salomon_Hans_22257_Plateau,Le Chambon-sur-Lignon,EVT_Salomon_Hans_22257_Plateau_69,45.06081,4.302941,961,Salomon_Hans_22257_Plateau_94
Salomon_Hans_22257_Plateau_35@EVT_Salomon_Hans_22257_Plateau_70,Pastor Trocme,he/him/his,3,Occurrence,Salomon_Hans_22257_Plateau,Le Chambon-sur-Lignon,EVT_Salomon_Hans_22257_Plateau_70,45.06081,4.302941,961,Salomon_Hans_22257_Plateau_35
Salomon_Hans_22257_Plateau_96@EVT_Salomon_Hans_22257_Plateau_70,ourselves,unknown,10,Occurrence,Salomon_Hans_22257_Plateau,Le Chambon-sur-Lignon,EVT_Salomon_Hans_22257_Plateau_70,45.06081,4.302941,961,Salomon_Hans_22257_Plateau_96
Salomon_Hans_22257_Plateau_35@EVT_Salomon_Hans_22257_Plateau_71,Pastor Trocme,he/him/his,3,Occurrence,Salomon_Hans_22257_Plateau,Le Chambon-sur-Lignon,EVT_Salomon_Hans_22257_Plateau_71,45.06081,4.302941,961,Salomon_Hans_22257_Plateau_35
Salomon_Hans_22257_Plateau_96@EVT_Salomon_Hans_22257_Plateau_71,ourselves,unknown,10,Occurrence,Salomon_Hans_22257_Plateau,Le Chambon-sur-Lignon,EVT_Salomon_Hans_22257_Plateau_71,45.06081,4.302941,961,Salomon_Hans_22257_Plateau_96
Salomon_Hans_22257_Plateau_35@EVT_Salomon_Hans_22257_Plateau_72,Pastor Trocme,he/him/his,3,Occurrence,Salomon_Hans_22257_Plateau,Le Chambon-sur-Lignon,EVT_Salomon_Hans_22257_Plateau_72,45.06081,4.302941,961,Salomon_Hans_22257_Plateau_35
Salomon_Hans_22257_Plateau_99@EVT_Salomon_Hans_22257_Plateau_72,5000 Jews,,0,Occurrence,Salomon_Hans_22257_Plateau,Le Chambon-sur-Lignon,EVT_Salomon_Hans_22257_Plateau_72,45.06081,4.302941,961,Salomon_Hans_22257_Plateau_99
Salomon_Hans_22257_Plateau_36@EVT_Salomon_Hans_22257_Plateau_73,Eugene Cotte,,0,Occurrence,Salomon_Hans_22257_Plateau,Le Chambon-sur-Lignon,EVT_Salomon_Hans_22257_Plateau_73,45.06081,4.302941,961,Salomon_Hans_22257_Plateau_36
Salomon_Hans_22257_Plateau_63@EVT_Salomon_Hans_22257_Plateau_73,No one,unknown,2,Occurrence,Salomon_Hans_22257_Plateau,Le Chambon-sur-Lignon,EVT_Salomon_Hans_22257_Plateau_73,45.06081,4.302941,961,Salomon_Hans_22257_Plateau_63
Salomon_Hans_22257_Plateau_36@EVT_Salomon_Hans_22257_Plateau_74,Eugene Cotte,,0,Occurrence,Salomon_Hans_22257_Plateau,Le Chambon-sur-Lignon,EVT_Salomon_Hans_22257_Plateau_74,45.06081,4.302941,961,Salomon_Hans_22257_Plateau_36
Salomon_Hans_22257_Plateau_96@EVT_Salomon_Hans_22257_Plateau_74,ourselves,unknown,10,Occurrence,Salomon_Hans_22257_Plateau,Le Chambon-sur-Lignon,EVT_Salomon_Hans_22257_Plateau_74,45.06081,4.302941,961,Salomon_Hans_22257_Plateau_96
Salomon_Hans_22257_Plateau_55@EVT_Salomon_Hans_22257_Plateau_75,we,unknown,11,Occurrence,Salomon_Hans_22257_Plateau,Le Chambon-sur-Lignon,EVT_Salomon_Hans_22257_Plateau_75,45.06081,4.302941,961,Salomon_Hans_22257_Plateau_55
Salomon_Hans_22257_Plateau_58@EVT_Salomon_Hans_22257_Plateau_75,people that live there,,0,Occurrence,Salomon_Hans_22257_Plateau,Le Chambon-sur-Lignon,EVT_Salomon_Hans_22257_Plateau_75,45.06081,4.302941,961,Salomon_Hans_22257_Plateau_58
Salomon_Hans_22257_Plateau_55@EVT_Salomon_Hans_22257_Plateau_76,we,unknown,11,Occurrence,Salomon_Hans_22257_Plateau,Le Chambon-sur-Lignon,EVT_Salomon_Hans_22257_Plateau_76,45.06081,4.302941,961,Salomon_Hans_22257_Plateau_55
Salomon_Hans_22257_Plateau_58@EVT_Salomon_Hans_22257_Plateau_76,people that live there,,0,Occurrence,Salomon_Hans_22257_Plateau,Le Chambon-sur-Lignon,EVT_Salomon_Hans_22257_Plateau_76,45.06081,4.302941,961,Salomon_Hans_22257_Plateau_58
Salomon_Hans_22257_Plateau_55@EVT_Salomon_Hans_22257_Plateau_77,we,unknown,11,Occurrence,Salomon_Hans_22257_Plateau,Le Chambon-sur-Lignon,EVT_Salomon_Hans_22257_Plateau_77,45.06081,4.302941,961,Salomon_Hans_22257_Plateau_55
Salomon_Hans_22257_Plateau_59@EVT_Salomon_Hans_22257_Plateau_77,Huguenots,,0,Occurrence,Salomon_Hans_22257_Plateau,Le Chambon-sur-Lignon,EVT_Salomon_Hans_22257_Plateau_77,45.06081,4.302941,961,Salomon_Hans_22257_Plateau_59
Salomon_Hans_22257_Plateau_55@EVT_Salomon_Hans_22257_Plateau_78,we,unknown,11,Occurrence,Salomon_Hans_22257_Plateau,Le Chambon-sur-Lignon,EVT_Salomon_Hans_22257_Plateau_78,45.06081,4.302941,961,Salomon_Hans_22257_Plateau_55
Salomon_Hans_22257_Plateau_59@EVT_Salomon_Hans_22257_Plateau_78,Huguenots,,0,Occurrence,Salomon_Hans_22257_Plateau,Le Chambon-sur-Lignon,EVT_Salomon_Hans_22257_Plateau_78,45.06081,4.302941,961,Salomon_Hans_22257_Plateau_59
Salomon_Hans_22257_Plateau_55@EVT_Salomon_Hans_22257_Plateau_79,we,unknown,11,Occurrence,Salomon_Hans_22257_Plateau,Le Chambon-sur-Lignon,EVT_Salomon_Hans_22257_Plateau_79,45.06081,4.302941,961,Salomon_Hans_22257_Plateau_55
Salomon_Hans_22257_Plateau_60@EVT_Salomon_Hans_22257_Plateau_79,a splinter group of the Protestant church,,0,Occurrence,Salomon_Hans_22257_Plateau,Le Chambon-sur-Lignon,EVT_Salomon_Hans_22257_Plateau_79,45.06081,4.302941,961,Salomon_Hans_22257_Plateau_60
Salomon_Hans_22257_Plateau_55@EVT_Salomon_Hans_22257_Plateau_80,we,unknown,11,Occurrence,Salomon_Hans_22257_Plateau,Le Chambon-sur-Lignon,EVT_Salomon_Hans_22257_Plateau_80,45.06081,4.302941,961,Salomon_Hans_22257_Plateau_55
Salomon_Hans_22257_Plateau_60@EVT_Salomon_Hans_22257_Plateau_80,a splinter group of the Protestant church,,0,Occurrence,Salomon_Hans_22257_Plateau,Le Chambon-sur-Lignon,EVT_Salomon_Hans_22257_Plateau_80,45.06081,4.302941,961,Salomon_Hans_22257_Plateau_60
Salomon_Hans_22257_Plateau_55@EVT_Salomon_Hans_22257_Plateau_81,we,unknown,11,Occurrence,Salomon_Hans_22257_Plateau,Le Chambon-sur-Lignon,EVT_Salomon_Hans_22257_Plateau_81,45.06081,4.302941,961,Salomon_Hans_22257_Plateau_55
Salomon_Hans_22257_Plateau_66,the commando,they/them/their,5,Person,Salomon_Hans_22257_Plateau,,,,,,Salomon_Hans_22257_Plateau_66
Salomon_Hans_22257_Plateau_66@EVT_Salomon_Hans_22257_Plateau_81,the commando,they/them/their,5,Occurrence,Salomon_Hans_22257_Plateau,Le Chambon-sur-Lignon,EVT_Salomon_Hans_22257_Plateau_81,45.06081,4.302941,961,Salomon_Hans_22257_Plateau_66
Salomon_Hans_22257_Plateau_55@EVT_Salomon_Hans_22257_Plateau_82,we,unknown,11,Occurrence,Salomon_Hans_22257_Plateau,Le Chambon-sur-Lignon,EVT_Salomon_Hans_22257_Plateau_82,45.06081,4.302941,961,Salomon_Hans_22257_Plateau_55
Salomon_Hans_22257_Plateau_70,five boys,,0,Person,Salomon_Hans_22257_Plateau,,,,,,Salomon_Hans_22257_Plateau_70
Salomon_Hans_22257_Plateau_70@EVT_Salomon_Hans_22257_Plateau_82,five boys,,0,Occurrence,Salomon_Hans_22257_Plateau,Le Chambon-sur-Lignon,EVT_Salomon_Hans_22257_Plateau_82,45.06081,4.302941,961,Salomon_Hans_22257_Plateau_70
Salomon_Hans_22257_Plateau_55@EVT_Salomon_Hans_22257_Plateau_83,we,unknown,11,Occurrence,Salomon_Hans_22257_Plateau,Le Chambon-sur-Lignon,EVT_Salomon_Hans_22257_Plateau_83,45.06081,4.302941,961,Salomon_Hans_22257_Plateau_55
Salomon_Hans_22257_Plateau_72,two fellows,they/them/their,6,Person,Salomon_Hans_22257_Plateau,,,,,,Salomon_Hans_22257_Plateau_72
Salomon_Hans_22257_Plateau_72@EVT_Salomon_Hans_22257_Plateau_83,two fellows,they/them/their,6,Occurrence,Salomon_Hans_22257_Plateau,Le Chambon-sur-Lignon,EVT_Salomon_Hans_22257_Plateau_83,45.06081,4.302941,961,Salomon_Hans_22257_Plateau_72
Salomon_Hans_22257_Plateau_58@EVT_Salomon_Hans_22257_Plateau_84,people that live there,,0,Occurrence,Salomon_Hans_22257_Plateau,Le Chambon-sur-Lignon,EVT_Salomon_Hans_22257_Plateau_84,45.06081,4.302941,961,Salomon_Hans_22257_Plateau_58
Salomon_Hans_22257_Plateau_59@EVT_Salomon_Hans_22257_Plateau_84,Huguenots,,0,Occurrence,Salomon_Hans_22257_Plateau,Le Chambon-sur-Lignon,EVT_Salomon_Hans_22257_Plateau_84,45.06081,4.302941,961,Salomon_Hans_22257_Plateau_59
Salomon_Hans_22257_Plateau_58@EVT_Salomon_Hans_22257_Plateau_85,people that live there,,0,Occurrence,Salomon_Hans_22257_Plateau,Le Chambon-sur-Lignon,EVT_Salomon_Hans_22257_Plateau_85,45.06081,4.302941,961,Salomon_Hans_22257_Plateau_58
Salomon_Hans_22257_Plateau_59@EVT_Salomon_Hans_22257_Plateau_85,Huguenots,,0,Occurrence,Salomon_Hans_22257_Plateau,Le Chambon-sur-Lignon,EVT_Salomon_Hans_22257_Plateau_85,45.06081,4.302941,961,Salomon_Hans_22257_Plateau_59
Salomon_Hans_22257_Plateau_58@EVT_Salomon_Hans_22257_Plateau_86,people that live there,,0,Occurrence,Salomon_Hans_22257_Plateau,Le Chambon-sur-Lignon,EVT_Salomon_Hans_22257_Plateau_86,45.06081,4.302941,961,Salomon_Hans_22257_Plateau_58
Salomon_Hans_22257_Plateau_60@EVT_Salomon_Hans_22257_Plateau_86,a splinter group of the Protestant church,,0,Occurrence,Salomon_Hans_22257_Plateau,Le Chambon-sur-Lignon,EVT_Salomon_Hans_22257_Plateau_86,45.06081,4.302941,961,Salomon_Hans_22257_Plateau_60
Salomon_Hans_22257_Plateau_58@EVT_Salomon_Hans_22257_Plateau_87,people that live there,,0,Occurrence,Salomon_Hans_22257_Plateau,Le Chambon-sur-Lignon,EVT_Salomon_Hans_22257_Plateau_87,45.06081,4.302941,961,Salomon_Hans_22257_Plateau_58
Salomon_Hans_22257_Plateau_60@EVT_Salomon_Hans_22257_Plateau_87,a splinter group of the Protestant church,,0,Occurrence,Salomon_Hans_22257_Plateau,Le Chambon-sur-Lignon,EVT_Salomon_Hans_22257_Plateau_87,45.06081,4.302941,961,Salomon_Hans_22257_Plateau_60
Salomon_Hans_22257_Plateau_59@EVT_Salomon_Hans_22257_Plateau_88,Huguenots,,0,Occurrence,Salomon_Hans_22257_Plateau,Le Chambon-sur-Lignon,EVT_Salomon_Hans_22257_Plateau_88,45.06081,4.302941,961,Salomon_Hans_22257_Plateau_59
Salomon_Hans_22257_Plateau_60@EVT_Salomon_Hans_22257_Plateau_88,a splinter group of the Protestant church,,0,Occurrence,Salomon_Hans_22257_Plateau,Le Chambon-sur-Lignon,EVT_Salomon_Hans_22257_Plateau_88,45.06081,4.302941,961,Salomon_Hans_22257_Plateau_60
Salomon_Hans_22257_Plateau_59@EVT_Salomon_Hans_22257_Plateau_89,Huguenots,,0,Occurrence,Salomon_Hans_22257_Plateau,Le Chambon-sur-Lignon,EVT_Salomon_Hans_22257_Plateau_89,45.06081,4.302941,961,Salomon_Hans_22257_Plateau_59
Salomon_Hans_22257_Plateau_60@EVT_Salomon_Hans_22257_Plateau_89,a splinter group of the Protestant church,,0,Occurrence,Salomon_Hans_22257_Plateau,Le Chambon-sur-Lignon,EVT_Salomon_Hans_22257_Plateau_89,45.06081,4.302941,961,Salomon_Hans_22257_Plateau_60
Salomon_Hans_22257_Plateau_63@EVT_Salomon_Hans_22257_Plateau_90,No one,unknown,2,Occurrence,Salomon_Hans_22257_Plateau,Le Chambon-sur-Lignon,EVT_Salomon_Hans_22257_Plateau_90,45.06081,4.302941,961,Salomon_Hans_22257_Plateau_63
Salomon_Hans_22257_Plateau_96@EVT_Salomon_Hans_22257_Plateau_90,ourselves,unknown,10,Occurrence,Salomon_Hans_22257_Plateau,Le Chambon-sur-Lignon,EVT_Salomon_Hans_22257_Plateau_90,45.06081,4.302941,961,Salomon_Hans_22257_Plateau_96
Salomon_Hans_22257_Plateau_66@EVT_Salomon_Hans_22257_Plateau_91,the commando,they/them/their,5,Occurrence,Salomon_Hans_22257_Plateau,Le Chambon-sur-Lignon,EVT_Salomon_Hans_22257_Plateau_91,45.06081,4.302941,961,Salomon_Hans_22257_Plateau_66
Salomon_Hans_22257_Plateau_70@EVT_Salomon_Hans_22257_Plateau_91,five boys,,0,Occurrence,Salomon_Hans_22257_Plateau,Le Chambon-sur-Lignon,EVT_Salomon_Hans_22257_Plateau_91,45.06081,4.302941,961,Salomon_Hans_22257_Plateau_70
Salomon_Hans_22257_Plateau_66@EVT_Salomon_Hans_22257_Plateau_92,the commando,they/them/their,5,Occurrence,Salomon_Hans_22257_Plateau,Le Chambon-sur-Lignon,EVT_Salomon_Hans_22257_Plateau_92,45.06081,4.302941,961,Salomon_Hans_22257_Plateau_66
Salomon_Hans_22257_Plateau_72@EVT_Salomon_Hans_22257_Plateau_92,two fellows,they/them/their,6,Occurrence,Salomon_Hans_22257_Plateau,Le Chambon-sur-Lignon,EVT_Salomon_Hans_22257_Plateau_92,45.06081,4.302941,961,Salomon_Hans_22257_Plateau_72
Salomon_Hans_22257_Plateau_70@EVT_Salomon_Hans_22257_Plateau_93,five boys,,0,Occurrence,Salomon_Hans_22257_Plateau,Le Chambon-sur-Lignon,EVT_Salomon_Hans_22257_Plateau_93,45.06081,4.302941,961,Salomon_Hans_22257_Plateau_70
Salomon_Hans_22257_Plateau_72@EVT_Salomon_Hans_22257_Plateau_93,two fellows,they/them/their,6,Occurrence,Salomon_Hans_22257_Plateau,Le Chambon-sur-Lignon,EVT_Salomon_Hans_22257_Plateau_93,45.06081,4.302941,961,Salomon_Hans_22257_Plateau_72
Salomon_Hans_22257_Plateau_87@EVT_Salomon_Hans_22257_Plateau_94,Pastor Andre Trocme,he/him/his,3,Occurrence,Salomon_Hans_22257_Plateau,Le Chambon-sur-Lignon,EVT_Salomon_Hans_22257_Plateau_94,45.06081,4.302941,961,Salomon_Hans_22257_Plateau_87
Salomon_Hans_22257_Plateau_88@EVT_Salomon_Hans_22257_Plateau_94,his wife,,0,Occurrence,Salomon_Hans_22257_Plateau,Le Chambon-sur-Lignon,EVT_Salomon_Hans_22257_Plateau_94,45.06081,4.302941,961,Salomon_Hans_22257_Plateau_88
Salomon_Hans_22257_Plateau_87@EVT_Salomon_Hans_22257_Plateau_95,Pastor Andre Trocme,he/him/his,3,Occurrence,Salomon_Hans_22257_Plateau,Le Chambon-sur-Lignon,EVT_Salomon_Hans_22257_Plateau_95,45.06081,4.302941,961,Salomon_Hans_22257_Plateau_87
Salomon_Hans_22257_Plateau_89@EVT_Salomon_Hans_22257_Plateau_95,They,they/them/their,5,Occurrence,Salomon_Hans_22257_Plateau,Le Chambon-sur-Lignon,EVT_Salomon_Hans_22257_Plateau_95,45.06081,4.302941,961,Salomon_Hans_22257_Plateau_89
Salomon_Hans_22257_Plateau_87@EVT_Salomon_Hans_22257_Plateau_96,Pastor Andre Trocme,he/him/his,3,Occurrence,Salomon_Hans_22257_Plateau,Le Chambon-sur-Lignon,EVT_Salomon_Hans_22257_Plateau_96,45.06081,4.302941,961,Salomon_Hans_22257_Plateau_87
Salomon_Hans_22257_Plateau_90@EVT_Salomon_Hans_22257_Plateau_96,"the clergy of the church in , in Chambon - sur - Lignon",,0,Occurrence,Salomon_Hans_22257_Plateau,Le Chambon-sur-Lignon,EVT_Salomon_Hans_22257_Plateau_96,45.06081,4.302941,961,Salomon_Hans_22257_Plateau_90
Salomon_Hans_22257_Plateau_87@EVT_Salomon_Hans_22257_Plateau_97,Pastor Andre Trocme,he/him/his,3,Occurrence,Salomon_Hans_22257_Plateau,Le Chambon-sur-Lignon,EVT_Salomon_Hans_22257_Plateau_97,45.06081,4.302941,961,Salomon_Hans_22257_Plateau_87
Salomon_Hans_22257_Plateau_92@EVT_Salomon_Hans_22257_Plateau_97,you,unknown,3,Occurrence,Salomon_Hans_22257_Plateau,Le Chambon-sur-Lignon,EVT_Salomon_Hans_22257_Plateau_97,45.06081,4.302941,961,Salomon_Hans_22257_Plateau_92
Salomon_Hans_22257_Plateau_87@EVT_Salomon_Hans_22257_Plateau_98,Pastor Andre Trocme,he/him/his,3,Occurrence,Salomon_Hans_22257_Plateau,Le Chambon-sur-Lignon,EVT_Salomon_Hans_22257_Plateau_98,45.06081,4.302941,961,Salomon_Hans_22257_Plateau_87
Salomon_Hans_22257_Plateau_94@EVT_Salomon_Hans_22257_Plateau_98,your neighbor,unknown,2,Occurrence,Salomon_Hans_22257_Plateau,Le Chambon-sur-Lignon,EVT_Salomon_Hans_22257_Plateau_98,45.06081,4.302941,961,Salomon_Hans_22257_Plateau_94
Salomon_Hans_22257_Plateau_87@EVT_Salomon_Hans_22257_Plateau_99,Pastor Andre Trocme,he/him/his,3,Occurrence,Salomon_Hans_22257_Plateau,Le Chambon-sur-Lignon,EVT_Salomon_Hans_22257_Plateau_99,45.06081,4.302941,961,Salomon_Hans_22257_Plateau_87
Salomon_Hans_22257_Plateau_95@EVT_Salomon_Hans_22257_Plateau_99,self,,0,Occurrence,Salomon_Hans_22257_Plateau,Le Chambon-sur-Lignon,EVT_Salomon_Hans_22257_Plateau_99,45.06081,4.302941,961,Salomon_Hans_22257_Plateau_95
Salomon_Hans_22257_Plateau_87@EVT_Salomon_Hans_22257_Plateau_100,Pastor Andre Trocme,he/him/his,3,Occurrence,Salomon_Hans_22257_Plateau,Le Chambon-sur-Lignon,EVT_Salomon_Hans_22257_Plateau_100,45.06081,4.302941,961,Salomon_Hans_22257_Plateau_87
Salomon_Hans_22257_Plateau_96@EVT_Salomon_Hans_22257_Plateau_100,ourselves,unknown,10,Occurrence,Salomon_Hans_22257_Plateau,Le Chambon-sur-Lignon,EVT_Salomon_Hans_22257_Plateau_100,45.06081,4.302941,961,Salomon_Hans_22257_Plateau_96
Salomon_Hans_22257_Plateau_88@EVT_Salomon_Hans_22257_Plateau_101,his wife,,0,Occurrence,Salomon_Hans_22257_Plateau,Le Chambon-sur-Lignon,EVT_Salomon_Hans_22257_Plateau_101,45.06081,4.302941,961,Salomon_Hans_22257_Plateau_88
Salomon_Hans_22257_Plateau_89@EVT_Salomon_Hans_22257_Plateau_101,They,they/them/their,5,Occurrence,Salomon_Hans_22257_Plateau,Le Chambon-sur-Lignon,EVT_Salomon_Hans_22257_Plateau_101,45.06081,4.302941,961,Salomon_Hans_22257_Plateau_89
Salomon_Hans_22257_Plateau_88@EVT_Salomon_Hans_22257_Plateau_102,his wife,,0,Occurrence,Salomon_Hans_22257_Plateau,Le Chambon-sur-Lignon,EVT_Salomon_Hans_22257_Plateau_102,45.06081,4.302941,961,Salomon_Hans_22257_Plateau_88
Salomon_Hans_22257_Plateau_90@EVT_Salomon_Hans_22257_Plateau_102,"the clergy of the church in , in Chambon - sur - Lignon",,0,Occurrence,Salomon_Hans_22257_Plateau,Le Chambon-sur-Lignon,EVT_Salomon_Hans_22257_Plateau_102,45.06081,4.302941,961,Salomon_Hans_22257_Plateau_90
Salomon_Hans_22257_Plateau_88@EVT_Salomon_Hans_22257_Plateau_103,his wife,,0,Occurrence,Salomon_Hans_22257_Plateau,Le Chambon-sur-Lignon,EVT_Salomon_Hans_22257_Plateau_103,45.06081,4.302941,961,Salomon_Hans_22257_Plateau_88
Salomon_Hans_22257_Plateau_92@EVT_Salomon_Hans_22257_Plateau_103,you,unknown,3,Occurrence,Salomon_Hans_22257_Plateau,Le Chambon-sur-Lignon,EVT_Salomon_Hans_22257_Plateau_103,45.06081,4.302941,961,Salomon_Hans_22257_Plateau_92
Salomon_Hans_22257_Plateau_88@EVT_Salomon_Hans_22257_Plateau_104,his wife,,0,Occurrence,Salomon_Hans_22257_Plateau,Le Chambon-sur-Lignon,EVT_Salomon_Hans_22257_Plateau_104,45.06081,4.302941,961,Salomon_Hans_22257_Plateau_88
Salomon_Hans_22257_Plateau_94@EVT_Salomon_Hans_22257_Plateau_104,your neighbor,unknown,2,Occurrence,Salomon_Hans_22257_Plateau,Le Chambon-sur-Lignon,EVT_Salomon_Hans_22257_Plateau_104,45.06081,4.302941,961,Salomon_Hans_22257_Plateau_94
Salomon_Hans_22257_Plateau_88@EVT_Salomon_Hans_22257_Plateau_105,his wife,,0,Occurrence,Salomon_Hans_22257_Plateau,Le Chambon-sur-Lignon,EVT_Salomon_Hans_22257_Plateau_105,45.06081,4.302941,961,Salomon_Hans_22257_Plateau_88
Salomon_Hans_22257_Plateau_95@EVT_Salomon_Hans_22257_Plateau_105,self,,0,Occurrence,Salomon_Hans_22257_Plateau,Le Chambon-sur-Lignon,EVT_Salomon_Hans_22257_Plateau_105,45.06081,4.302941,961,Salomon_Hans_22257_Plateau_95
Salomon_Hans_22257_Plateau_88@EVT_Salomon_Hans_22257_Plateau_106,his wife,,0,Occurrence,Salomon_Hans_22257_Plateau,Le Chambon-sur-Lignon,EVT_Salomon_Hans_22257_Plateau_106,45.06081,4.302941,961,Salomon_Hans_22257_Plateau_88
Salomon_Hans_22257_Plateau_96@EVT_Salomon_Hans_22257_Plateau_106,ourselves,unknown,10,Occurrence,Salomon_Hans_22257_Plateau,Le Chambon-sur-Lignon,EVT_Salomon_Hans_22257_Plateau_106,45.06081,4.302941,961,Salomon_Hans_22257_Plateau_96
Salomon_Hans_22257_Plateau_89@EVT_Salomon_Hans_22257_Plateau_107,They,they/them/their,5,Occurrence,Salomon_Hans_22257_Plateau,Le Chambon-sur-Lignon,EVT_Salomon_Hans_22257_Plateau_107,45.06081,4.302941,961,Salomon_Hans_22257_Plateau_89
Salomon_Hans_22257_Plateau_90@EVT_Salomon_Hans_22257_Plateau_107,"the clergy of the church in , in Chambon - sur - Lignon",,0,Occurrence,Salomon_Hans_22257_Plateau,Le Chambon-sur-Lignon,EVT_Salomon_Hans_22257_Plateau_107,45.06081,4.302941,961,Salomon_Hans_22257_Plateau_90
Salomon_Hans_22257_Plateau_89@EVT_Salomon_Hans_22257_Plateau_108,They,they/them/their,5,Occurrence,Salomon_Hans_22257_Plateau,Le Chambon-sur-Lignon,EVT_Salomon_Hans_22257_Plateau_108,45.06081,4.302941,961,Salomon_Hans_22257_Plateau_89
Salomon_Hans_22257_Plateau_92@EVT_Salomon_Hans_22257_Plateau_108,you,unknown,3,Occurrence,Salomon_Hans_22257_Plateau,Le Chambon-sur-Lignon,EVT_Salomon_Hans_22257_Plateau_108,45.06081,4.302941,961,Salomon_Hans_22257_Plateau_92
Salomon_Hans_22257_Plateau_89@EVT_Salomon_Hans_22257_Plateau_109,They,they/them/their,5,Occurrence,Salomon_Hans_22257_Plateau,Le Chambon-sur-Lignon,EVT_Salomon_Hans_22257_Plateau_109,45.06081,4.302941,961,Salomon_Hans_22257_Plateau_89
Salomon_Hans_22257_Plateau_94@EVT_Salomon_Hans_22257_Plateau_109,your neighbor,unknown,2,Occurrence,Salomon_Hans_22257_Plateau,Le Chambon-sur-Lignon,EVT_Salomon_Hans_22257_Plateau_109,45.06081,4.302941,961,Salomon_Hans_22257_Plateau_94
Salomon_Hans_22257_Plateau_89@EVT_Salomon_Hans_22257_Plateau_110,They,they/them/their,5,Occurrence,Salomon_Hans_22257_Plateau,Le Chambon-sur-Lignon,EVT_Salomon_Hans_22257_Plateau_110,45.06081,4.302941,961,Salomon_Hans_22257_Plateau_89
Salomon_Hans_22257_Plateau_95@EVT_Salomon_Hans_22257_Plateau_110,self,,0,Occurrence,Salomon_Hans_22257_Plateau,Le Chambon-sur-Lignon,EVT_Salomon_Hans_22257_Plateau_110,45.06081,4.302941,961,Salomon_Hans_22257_Plateau_95
Salomon_Hans_22257_Plateau_89@EVT_Salomon_Hans_22257_Plateau_111,They,they/them/their,5,Occurrence,Salomon_Hans_22257_Plateau,Le Chambon-sur-Lignon,EVT_Salomon_Hans_22257_Plateau_111,45.06081,4.302941,961,Salomon_Hans_22257_Plateau_89
Salomon_Hans_22257_Plateau_96@EVT_Salomon_Hans_22257_Plateau_111,ourselves,unknown,10,Occurrence,Salomon_Hans_22257_Plateau,Le Chambon-sur-Lignon,EVT_Salomon_Hans_22257_Plateau_111,45.06081,4.302941,961,Salomon_Hans_22257_Plateau_96
Salomon_Hans_22257_Plateau_90@EVT_Salomon_Hans_22257_Plateau_112,"the clergy of the church in , in Chambon - sur - Lignon",,0,Occurrence,Salomon_Hans_22257_Plateau,Le Chambon-sur-Lignon,EVT_Salomon_Hans_22257_Plateau_112,45.06081,4.302941,961,Salomon_Hans_22257_Plateau_90
Salomon_Hans_22257_Plateau_92@EVT_Salomon_Hans_22257_Plateau_112,you,unknown,3,Occurrence,Salomon_Hans_22257_Plateau,Le Chambon-sur-Lignon,EVT_Salomon_Hans_22257_Plateau_112,45.06081,4.302941,961,Salomon_Hans_22257_Plateau_92
Salomon_Hans_22257_Plateau_90@EVT_Salomon_Hans_22257_Plateau_113,"the clergy of the church in , in Chambon - sur - Lignon",,0,Occurrence,Salomon_Hans_22257_Plateau,Le Chambon-sur-Lignon,EVT_Salomon_Hans_22257_Plateau_113,45.06081,4.302941,961,Salomon_Hans_22257_Plateau_90
Salomon_Hans_22257_Plateau_94@EVT_Salomon_Hans_22257_Plateau_113,your neighbor,unknown,2,Occurrence,Salomon_Hans_22257_Plateau,Le Chambon-sur-Lignon,EVT_Salomon_Hans_22257_Plateau_113,45.06081,4.302941,961,Salomon_Hans_22257_Plateau_94
Salomon_Hans_22257_Plateau_90@EVT_Salomon_Hans_22257_Plateau_114,"the clergy of the church in , in Chambon - sur - Lignon",,0,Occurrence,Salomon_Hans_22257_Plateau,Le Chambon-sur-Lignon,EVT_Salomon_Hans_22257_Plateau_114,45.06081,4.302941,961,Salomon_Hans_22257_Plateau_90
Salomon_Hans_22257_Plateau_95@EVT_Salomon_Hans_22257_Plateau_114,self,,0,Occurrence,Salomon_Hans_22257_Plateau,Le Chambon-sur-Lignon,EVT_Salomon_Hans_22257_Plateau_114,45.06081,4.302941,961,Salomon_Hans_22257_Plateau_95
Salomon_Hans_22257_Plateau_90@EVT_Salomon_Hans_22257_Plateau_115,"the clergy of the church in , in Chambon - sur - Lignon",,0,Occurrence,Salomon_Hans_22257_Plateau,Le Chambon-sur-Lignon,EVT_Salomon_Hans_22257_Plateau_115,45.06081,4.302941,961,Salomon_Hans_22257_Plateau_90
Salomon_Hans_22257_Plateau_96@EVT_Salomon_Hans_22257_Plateau_115,ourselves,unknown,10,Occurrence,Salomon_Hans_22257_Plateau,Le Chambon-sur-Lignon,EVT_Salomon_Hans_22257_Plateau_115,45.06081,4.302941,961,Salomon_Hans_22257_Plateau_96
Salomon_Hans_22257_Plateau_92@EVT_Salomon_Hans_22257_Plateau_116,you,unknown,3,Occurrence,Salomon_Hans_22257_Plateau,Le Chambon-sur-Lignon,EVT_Salomon_Hans_22257_Plateau_116,45.06081,4.302941,961,Salomon_Hans_22257_Plateau_92
Salomon_Hans_22257_Plateau_94@EVT_Salomon_Hans_22257_Plateau_116,your neighbor,unknown,2,Occurrence,Salomon_Hans_22257_Plateau,Le Chambon-sur-Lignon,EVT_Salomon_Hans_22257_Plateau_116,45.06081,4.302941,961,Salomon_Hans_22257_Plateau_94
Salomon_Hans_22257_Plateau_92@EVT_Salomon_Hans_22257_Plateau_117,you,unknown,3,Occurrence,Salomon_Hans_22257_Plateau,Le Chambon-sur-Lignon,EVT_Salomon_Hans_22257_Plateau_117,45.06081,4.302941,961,Salomon_Hans_22257_Plateau_92
Salomon_Hans_22257_Plateau_94@EVT_Salomon_Hans_22257_Plateau_117,your neighbor,unknown,2,Occurrence,Salomon_Hans_22257_Plateau,Le Chambon-sur-Lignon,EVT_Salomon_Hans_22257_Plateau_117,45.06081,4.302941,961,Salomon_Hans_22257_Plateau_94
Salomon_Hans_22257_Plateau_92@EVT_Salomon_Hans_22257_Plateau_118,you,unknown,3,Occurrence,Salomon_Hans_22257_Plateau,Le Chambon-sur-Lignon,EVT_Salomon_Hans_22257_Plateau_118,45.06081,4.302941,961,Salomon_Hans_22257_Plateau_92
Salomon_Hans_22257_Plateau_95@EVT_Salomon_Hans_22257_Plateau_118,self,,0,Occurrence,Salomon_Hans_22257_Plateau,Le Chambon-sur-Lignon,EVT_Salomon_Hans_22257_Plateau_118,45.06081,4.302941,961,Salomon_Hans_22257_Plateau_95
Salomon_Hans_22257_Plateau_92@EVT_Salomon_Hans_22257_Plateau_119,you,unknown,3,Occurrence,Salomon_Hans_22257_Plateau,Le Chambon-sur-Lignon,EVT_Salomon_Hans_22257_Plateau_119,45.06081,4.302941,961,Salomon_Hans_22257_Plateau_92
Salomon_Hans_22257_Plateau_96@EVT_Salomon_Hans_22257_Plateau_119,ourselves,unknown,10,Occurrence,Salomon_Hans_22257_Plateau,Le Chambon-sur-Lignon,EVT_Salomon_Hans_22257_Plateau_119,45.06081,4.302941,961,Salomon_Hans_22257_Plateau_96
Salomon_Hans_22257_Plateau_92@EVT_Salomon_Hans_22257_Plateau_120,you,unknown,3,Occurrence,Salomon_Hans_22257_Plateau,Le Chambon-sur-Lignon,EVT_Salomon_Hans_22257_Plateau_120,45.06081,4.302941,961,Salomon_Hans_22257_Plateau_92
Salomon_Hans_22257_Plateau_96@EVT_Salomon_Hans_22257_Plateau_120,ourselves,unknown,10,Occurrence,Salomon_Hans_22257_Plateau,Le Chambon-sur-Lignon,EVT_Salomon_Hans_22257_Plateau_120,45.06081,4.302941,961,Salomon_Hans_22257_Plateau_96
Salomon_Hans_22257_Plateau_92@EVT_Salomon_Hans_22257_Plateau_121,you,unknown,3,Occurrence,Salomon_Hans_22257_Plateau,Le Chambon-sur-Lignon,EVT_Salomon_Hans_22257_Plateau_121,45.06081,4.302941,961,Salomon_Hans_22257_Plateau_92
Salomon_Hans_22257_Plateau_99@EVT_Salomon_Hans_22257_Plateau_121,5000 Jews,,0,Occurrence,Salomon_Hans_22257_Plateau,Le Chambon-sur-Lignon,EVT_Salomon_Hans_22257_Plateau_121,45.06081,4.302941,961,Salomon_Hans_22257_Plateau_99
Salomon_Hans_22257_Plateau_94@EVT_Salomon_Hans_22257_Plateau_122,your neighbor,unknown,2,Occurrence,Salomon_Hans_22257_Plateau,Le Chambon-sur-Lignon,EVT_Salomon_Hans_22257_Plateau_122,45.06081,4.302941,961,Salomon_Hans_22257_Plateau_94
Salomon_Hans_22257_Plateau_95@EVT_Salomon_Hans_22257_Plateau_122,self,,0,Occurrence,Salomon_Hans_22257_Plateau,Le Chambon-sur-Lignon,EVT_Salomon_Hans_22257_Plateau_122,45.06081,4.302941,961,Salomon_Hans_22257_Plateau_95
Salomon_Hans_22257_Plateau_94@EVT_Salomon_Hans_22257_Plateau_123,your neighbor,unknown,2,Occurrence,Salomon_Hans_22257_Plateau,Le Chambon-sur-Lignon,EVT_Salomon_Hans_22257_Plateau_123,45.06081,4.302941,961,Salomon_Hans_22257_Plateau_94
Salomon_Hans_22257_Plateau_96@EVT_Salomon_Hans_22257_Plateau_123,ourselves,unknown,10,Occurrence,Salomon_Hans_22257_Plateau,Le Chambon-sur-Lignon,EVT_Salomon_Hans_22257_Plateau_123,45.06081,4.302941,961,Salomon_Hans_22257_Plateau_96
Salomon_Hans_22257_Plateau_94@EVT_Salomon_Hans_22257_Plateau_124,your neighbor,unknown,2,Occurrence,Salomon_Hans_22257_Plateau,Le Chambon-sur-Lignon,EVT_Salomon_Hans_22257_Plateau_124,45.06081,4.302941,961,Salomon_Hans_22257_Plateau_94
Salomon_Hans_22257_Plateau_96@EVT_Salomon_Hans_22257_Plateau_124,ourselves,unknown,10,Occurrence,Salomon_Hans_22257_Plateau,Le Chambon-sur-Lignon,EVT_Salomon_Hans_22257_Plateau_124,45.06081,4.302941,961,Salomon_Hans_22257_Plateau_96
Salomon_Hans_22257_Plateau_94@EVT_Salomon_Hans_22257_Plateau_125,your neighbor,unknown,2,Occurrence,Salomon_Hans_22257_Plateau,Le Chambon-sur-Lignon,EVT_Salomon_Hans_22257_Plateau_125,45.06081,4.302941,961,Salomon_Hans_22257_Plateau_94
Salomon_Hans_22257_Plateau_99@EVT_Salomon_Hans_22257_Plateau_125,5000 Jews,,0,Occurrence,Salomon_Hans_22257_Plateau,Le Chambon-sur-Lignon,EVT_Salomon_Hans_22257_Plateau_125,45.06081,4.302941,961,Salomon_Hans_22257_Plateau_99
Salomon_Hans_22257_Plateau_95@EVT_Salomon_Hans_22257_Plateau_126,self,,0,Occurrence,Salomon_Hans_22257_Plateau,Le Chambon-sur-Lignon,EVT_Salomon_Hans_22257_Plateau_126,45.06081,4.302941,961,Salomon_Hans_22257_Plateau_95
Salomon_Hans_22257_Plateau_96@EVT_Salomon_Hans_22257_Plateau_126,ourselves,unknown,10,Occurrence,Salomon_Hans_22257_Plateau,Le Chambon-sur-Lignon,EVT_Salomon_Hans_22257_Plateau_126,45.06081,4.302941,961,Salomon_Hans_22257_Plateau_96
Salomon_Hans_22257_Plateau_96@EVT_Salomon_Hans_22257_Plateau_127,ourselves,unknown,10,Occurrence,Salomon_Hans_22257_Plateau,Le Chambon-sur-Lignon,EVT_Salomon_Hans_22257_Plateau_127,45.06081,4.302941,961,Salomon_Hans_22257_Plateau_96
Salomon_Hans_22257_Plateau_99@EVT_Salomon_Hans_22257_Plateau_127,5000 Jews,,0,Occurrence,Salomon_Hans_22257_Plateau,Le Chambon-sur-Lignon,EVT_Salomon_Hans_22257_Plateau_127,45.06081,4.302941,961,Salomon_Hans_22257_Plateau_99
Salomon_Hans_22257_Plateau_100,people that sheltered Jews and their next door neighbor,they/them/their,3,Person,Salomon_Hans_22257_Plateau,,,,,,Salomon_Hans_22257_Plateau_100
Salomon_Hans_22257_Plateau_100@EVT_Salomon_Hans_22257_Plateau_128,people that sheltered Jews and their next door neighbor,they/them/their,3,Occurrence,Salomon_Hans_22257_Plateau,Le Chambon-sur-Lignon,EVT_Salomon_Hans_22257_Plateau_128,45.06081,4.302941,961,Salomon_Hans_22257_Plateau_100
Salomon_Hans_22257_Plateau_30@EVT_Salomon_Hans_22257_Plateau_128,Jews,they/them/their,3,Occurrence,Salomon_Hans_22257_Plateau,Le Chambon-sur-Lignon,EVT_Salomon_Hans_22257_Plateau_128,45.06081,4.302941,961,Salomon_Hans_22257_Plateau_30
Salomon_Hans_22257_Plateau_100@EVT_Salomon_Hans_22257_Plateau_129,people that sheltered Jews and their next door neighbor,they/them/their,3,Occurrence,Salomon_Hans_22257_Plateau,Le Chambon-sur-Lignon,EVT_Salomon_Hans_22257_Plateau_129,45.06081,4.302941,961,Salomon_Hans_22257_Plateau_100
Salomon_Hans_22257_Plateau_35@EVT_Salomon_Hans_22257_Plateau_129,Pastor Trocme,he/him/his,3,Occurrence,Salomon_Hans_22257_Plateau,Le Chambon-sur-Lignon,EVT_Salomon_Hans_22257_Plateau_129,45.06081,4.302941,961,Salomon_Hans_22257_Plateau_35
Salomon_Hans_22257_Plateau_100@EVT_Salomon_Hans_22257_Plateau_130,people that sheltered Jews and their next door neighbor,they/them/their,3,Occurrence,Salomon_Hans_22257_Plateau,Le Chambon-sur-Lignon,EVT_Salomon_Hans_22257_Plateau_130,45.06081,4.302941,961,Salomon_Hans_22257_Plateau_100
Salomon_Hans_22257_Plateau_92@EVT_Salomon_Hans_22257_Plateau_130,you,unknown,3,Occurrence,Salomon_Hans_22257_Plateau,Le Chambon-sur-Lignon,EVT_Salomon_Hans_22257_Plateau_130,45.06081,4.302941,961,Salomon_Hans_22257_Plateau_92
Salomon_Hans_22257_Plateau_100@EVT_Salomon_Hans_22257_Plateau_131,people that sheltered Jews and their next door neighbor,they/them/their,3,Occurrence,Salomon_Hans_22257_Plateau,Le Chambon-sur-Lignon,EVT_Salomon_Hans_22257_Plateau_131,45.06081,4.302941,961,Salomon_Hans_22257_Plateau_100
Salomon_Hans_22257_Plateau_94@EVT_Salomon_Hans_22257_Plateau_131,your neighbor,unknown,2,Occurrence,Salomon_Hans_22257_Plateau,Le Chambon-sur-Lignon,EVT_Salomon_Hans_22257_Plateau_131,45.06081,4.302941,961,Salomon_Hans_22257_Plateau_94
Salomon_Hans_22257_Plateau_100@EVT_Salomon_Hans_22257_Plateau_132,people that sheltered Jews and their next door neighbor,they/them/their,3,Occurrence,Salomon_Hans_22257_Plateau,Le Chambon-sur-Lignon,EVT_Salomon_Hans_22257_Plateau_132,45.06081,4.302941,961,Salomon_Hans_22257_Plateau_100
Salomon_Hans_22257_Plateau_96@EVT_Salomon_Hans_22257_Plateau_132,ourselves,unknown,10,Occurrence,Salomon_Hans_22257_Plateau,Le Chambon-sur-Lignon,EVT_Salomon_Hans_22257_Plateau_132,45.06081,4.302941,961,Salomon_Hans_22257_Plateau_96
Salomon_Hans_22257_Plateau_100@EVT_Salomon_Hans_22257_Plateau_133,people that sheltered Jews and their next door neighbor,they/them/their,3,Occurrence,Salomon_Hans_22257_Plateau,Le Chambon-sur-Lignon,EVT_Salomon_Hans_22257_Plateau_133,45.06081,4.302941,961,Salomon_Hans_22257_Plateau_100
Salomon_Hans_22257_Plateau_99@EVT_Salomon_Hans_22257_Plateau_133,5000 Jews,,0,Occurrence,Salomon_Hans_22257_Plateau,Le Chambon-sur-Lignon,EVT_Salomon_Hans_22257_Plateau_133,45.06081,4.302941,961,Salomon_Hans_22257_Plateau_99
Salomon_Hans_22257_Plateau_100@EVT_Salomon_Hans_22257_Plateau_134,people that sheltered Jews and their next door neighbor,they/them/their,3,Occurrence,Salomon_Hans_22257_Plateau,Le Chambon-sur-Lignon,EVT_Salomon_Hans_22257_Plateau_134,45.06081,4.302941,961,Salomon_Hans_22257_Plateau_100
Salomon_Hans_22257_Plateau_101,their next door neighbor,,0,Person,Salomon_Hans_22257_Plateau,,,,,,Salomon_Hans_22257_Plateau_101
Salomon_Hans_22257_Plateau_101@EVT_Salomon_Hans_22257_Plateau_134,their next door neighbor,,0,Occurrence,Salomon_Hans_22257_Plateau,Le Chambon-sur-Lignon,EVT_Salomon_Hans_22257_Plateau_134,45.06081,4.302941,961,Salomon_Hans_22257_Plateau_101
Salomon_Hans_22257_Plateau_100@EVT_Salomon_Hans_22257_Plateau_135,people that sheltered Jews and their next door neighbor,they/them/their,3,Occurrence,Salomon_Hans_22257_Plateau,Le Chambon-sur-Lignon,EVT_Salomon_Hans_22257_Plateau_135,45.06081,4.302941,961,Salomon_Hans_22257_Plateau_100
Salomon_Hans_22257_Plateau_102,the next door neighbor,,0,Person,Salomon_Hans_22257_Plateau,,,,,,Salomon_Hans_22257_Plateau_102
Salomon_Hans_22257_Plateau_102@EVT_Salomon_Hans_22257_Plateau_135,the next door neighbor,,0,Occurrence,Salomon_Hans_22257_Plateau,Le Chambon-sur-Lignon,EVT_Salomon_Hans_22257_Plateau_135,45.06081,4.302941,961,Salomon_Hans_22257_Plateau_102
Salomon_Hans_22257_Plateau_100@EVT_Salomon_Hans_22257_Plateau_136,people that sheltered Jews and their next door neighbor,they/them/their,3,Occurrence,Salomon_Hans_22257_Plateau,Le Chambon-sur-Lignon,EVT_Salomon_Hans_22257_Plateau_136,45.06081,4.302941,961,Salomon_Hans_22257_Plateau_100
Salomon_Hans_22257_Plateau_103,these people,,0,Person,Salomon_Hans_22257_Plateau,,,,,,Salomon_Hans_22257_Plateau_103
Salomon_Hans_22257_Plateau_103@EVT_Salomon_Hans_22257_Plateau_136,these people,,0,Occurrence,Salomon_Hans_22257_Plateau,Le Chambon-sur-Lignon,EVT_Salomon_Hans_22257_Plateau_136,45.06081,4.302941,961,Salomon_Hans_22257_Plateau_103
Salomon_Hans_22257_Plateau_101@EVT_Salomon_Hans_22257_Plateau_137,their next door neighbor,,0,Occurrence,Salomon_Hans_22257_Plateau,Le Chambon-sur-Lignon,EVT_Salomon_Hans_22257_Plateau_137,45.06081,4.302941,961,Salomon_Hans_22257_Plateau_101
Salomon_Hans_22257_Plateau_30@EVT_Salomon_Hans_22257_Plateau_137,Jews,they/them/their,3,Occurrence,Salomon_Hans_22257_Plateau,Le Chambon-sur-Lignon,EVT_Salomon_Hans_22257_Plateau_137,45.06081,4.302941,961,Salomon_Hans_22257_Plateau_30
Salomon_Hans_22257_Plateau_101@EVT_Salomon_Hans_22257_Plateau_138,their next door neighbor,,0,Occurrence,Salomon_Hans_22257_Plateau,Le Chambon-sur-Lignon,EVT_Salomon_Hans_22257_Plateau_138,45.06081,4.302941,961,Salomon_Hans_22257_Plateau_101
Salomon_Hans_22257_Plateau_35@EVT_Salomon_Hans_22257_Plateau_138,Pastor Trocme,he/him/his,3,Occurrence,Salomon_Hans_22257_Plateau,Le Chambon-sur-Lignon,EVT_Salomon_Hans_22257_Plateau_138,45.06081,4.302941,961,Salomon_Hans_22257_Plateau_35
Salomon_Hans_22257_Plateau_101@EVT_Salomon_Hans_22257_Plateau_139,their next door neighbor,,0,Occurrence,Salomon_Hans_22257_Plateau,Le Chambon-sur-Lignon,EVT_Salomon_Hans_22257_Plateau_139,45.06081,4.302941,961,Salomon_Hans_22257_Plateau_101
Salomon_Hans_22257_Plateau_92@EVT_Salomon_Hans_22257_Plateau_139,you,unknown,3,Occurrence,Salomon_Hans_22257_Plateau,Le Chambon-sur-Lignon,EVT_Salomon_Hans_22257_Plateau_139,45.06081,4.302941,961,Salomon_Hans_22257_Plateau_92
Salomon_Hans_22257_Plateau_101@EVT_Salomon_Hans_22257_Plateau_140,their next door neighbor,,0,Occurrence,Salomon_Hans_22257_Plateau,Le Chambon-sur-Lignon,EVT_Salomon_Hans_22257_Plateau_140,45.06081,4.302941,961,Salomon_Hans_22257_Plateau_101
Salomon_Hans_22257_Plateau_94@EVT_Salomon_Hans_22257_Plateau_140,your neighbor,unknown,2,Occurrence,Salomon_Hans_22257_Plateau,Le Chambon-sur-Lignon,EVT_Salomon_Hans_22257_Plateau_140,45.06081,4.302941,961,Salomon_Hans_22257_Plateau_94
Salomon_Hans_22257_Plateau_101@EVT_Salomon_Hans_22257_Plateau_141,their next door neighbor,,0,Occurrence,Salomon_Hans_22257_Plateau,Le Chambon-sur-Lignon,EVT_Salomon_Hans_22257_Plateau_141,45.06081,4.302941,961,Salomon_Hans_22257_Plateau_101
Salomon_Hans_22257_Plateau_96@EVT_Salomon_Hans_22257_Plateau_141,ourselves,unknown,10,Occurrence,Salomon_Hans_22257_Plateau,Le Chambon-sur-Lignon,EVT_Salomon_Hans_22257_Plateau_141,45.06081,4.302941,961,Salomon_Hans_22257_Plateau_96
Salomon_Hans_22257_Plateau_101@EVT_Salomon_Hans_22257_Plateau_142,their next door neighbor,,0,Occurrence,Salomon_Hans_22257_Plateau,Le Chambon-sur-Lignon,EVT_Salomon_Hans_22257_Plateau_142,45.06081,4.302941,961,Salomon_Hans_22257_Plateau_101
Salomon_Hans_22257_Plateau_99@EVT_Salomon_Hans_22257_Plateau_142,5000 Jews,,0,Occurrence,Salomon_Hans_22257_Plateau,Le Chambon-sur-Lignon,EVT_Salomon_Hans_22257_Plateau_142,45.06081,4.302941,961,Salomon_Hans_22257_Plateau_99
Salomon_Hans_22257_Plateau_101@EVT_Salomon_Hans_22257_Plateau_143,their next door neighbor,,0,Occurrence,Salomon_Hans_22257_Plateau,Le Chambon-sur-Lignon,EVT_Salomon_Hans_22257_Plateau_143,45.06081,4.302941,961,Salomon_Hans_22257_Plateau_101
Salomon_Hans_22257_Plateau_102@EVT_Salomon_Hans_22257_Plateau_143,the next door neighbor,,0,Occurrence,Salomon_Hans_22257_Plateau,Le Chambon-sur-Lignon,EVT_Salomon_Hans_22257_Plateau_143,45.06081,4.302941,961,Salomon_Hans_22257_Plateau_102
Salomon_Hans_22257_Plateau_101@EVT_Salomon_Hans_22257_Plateau_144,their next door neighbor,,0,Occurrence,Salomon_Hans_22257_Plateau,Le Chambon-sur-Lignon,EVT_Salomon_Hans_22257_Plateau_144,45.06081,4.302941,961,Salomon_Hans_22257_Plateau_101
Salomon_Hans_22257_Plateau_103@EVT_Salomon_Hans_22257_Plateau_144,these people,,0,Occurrence,Salomon_Hans_22257_Plateau,Le Chambon-sur-Lignon,EVT_Salomon_Hans_22257_Plateau_144,45.06081,4.302941,961,Salomon_Hans_22257_Plateau_103
Salomon_Hans_22257_Plateau_102@EVT_Salomon_Hans_22257_Plateau_145,the next door neighbor,,0,Occurrence,Salomon_Hans_22257_Plateau,Le Chambon-sur-Lignon,EVT_Salomon_Hans_22257_Plateau_145,45.06081,4.302941,961,Salomon_Hans_22257_Plateau_102
Salomon_Hans_22257_Plateau_30@EVT_Salomon_Hans_22257_Plateau_145,Jews,they/them/their,3,Occurrence,Salomon_Hans_22257_Plateau,Le Chambon-sur-Lignon,EVT_Salomon_Hans_22257_Plateau_145,45.06081,4.302941,961,Salomon_Hans_22257_Plateau_30
Salomon_Hans_22257_Plateau_102@EVT_Salomon_Hans_22257_Plateau_146,the next door neighbor,,0,Occurrence,Salomon_Hans_22257_Plateau,Le Chambon-sur-Lignon,EVT_Salomon_Hans_22257_Plateau_146,45.06081,4.302941,961,Salomon_Hans_22257_Plateau_102
Salomon_Hans_22257_Plateau_35@EVT_Salomon_Hans_22257_Plateau_146,Pastor Trocme,he/him/his,3,Occurrence,Salomon_Hans_22257_Plateau,Le Chambon-sur-Lignon,EVT_Salomon_Hans_22257_Plateau_146,45.06081,4.302941,961,Salomon_Hans_22257_Plateau_35
Salomon_Hans_22257_Plateau_102@EVT_Salomon_Hans_22257_Plateau_147,the next door neighbor,,0,Occurrence,Salomon_Hans_22257_Plateau,Le Chambon-sur-Lignon,EVT_Salomon_Hans_22257_Plateau_147,45.06081,4.302941,961,Salomon_Hans_22257_Plateau_102
Salomon_Hans_22257_Plateau_92@EVT_Salomon_Hans_22257_Plateau_147,you,unknown,3,Occurrence,Salomon_Hans_22257_Plateau,Le Chambon-sur-Lignon,EVT_Salomon_Hans_22257_Plateau_147,45.06081,4.302941,961,Salomon_Hans_22257_Plateau_92
Salomon_Hans_22257_Plateau_102@EVT_Salomon_Hans_22257_Plateau_148,the next door neighbor,,0,Occurrence,Salomon_Hans_22257_Plateau,Le Chambon-sur-Lignon,EVT_Salomon_Hans_22257_Plateau_148,45.06081,4.302941,961,Salomon_Hans_22257_Plateau_102
Salomon_Hans_22257_Plateau_94@EVT_Salomon_Hans_22257_Plateau_148,your neighbor,unknown,2,Occurrence,Salomon_Hans_22257_Plateau,Le Chambon-sur-Lignon,EVT_Salomon_Hans_22257_Plateau_148,45.06081,4.302941,961,Salomon_Hans_22257_Plateau_94
Salomon_Hans_22257_Plateau_102@EVT_Salomon_Hans_22257_Plateau_149,the next door neighbor,,0,Occurrence,Salomon_Hans_22257_Plateau,Le Chambon-sur-Lignon,EVT_Salomon_Hans_22257_Plateau_149,45.06081,4.302941,961,Salomon_Hans_22257_Plateau_102
Salomon_Hans_22257_Plateau_96@EVT_Salomon_Hans_22257_Plateau_149,ourselves,unknown,10,Occurrence,Salomon_Hans_22257_Plateau,Le Chambon-sur-Lignon,EVT_Salomon_Hans_22257_Plateau_149,45.06081,4.302941,961,Salomon_Hans_22257_Plateau_96
Salomon_Hans_22257_Plateau_102@EVT_Salomon_Hans_22257_Plateau_150,the next door neighbor,,0,Occurrence,Salomon_Hans_22257_Plateau,Le Chambon-sur-Lignon,EVT_Salomon_Hans_22257_Plateau_150,45.06081,4.302941,961,Salomon_Hans_22257_Plateau_102
Salomon_Hans_22257_Plateau_99@EVT_Salomon_Hans_22257_Plateau_150,5000 Jews,,0,Occurrence,Salomon_Hans_22257_Plateau,Le Chambon-sur-Lignon,EVT_Salomon_Hans_22257_Plateau_150,45.06081,4.302941,961,Salomon_Hans_22257_Plateau_99
Salomon_Hans_22257_Plateau_102@EVT_Salomon_Hans_22257_Plateau_151,the next door neighbor,,0,Occurrence,Salomon_Hans_22257_Plateau,Le Chambon-sur-Lignon,EVT_Salomon_Hans_22257_Plateau_151,45.06081,4.302941,961,Salomon_Hans_22257_Plateau_102
Salomon_Hans_22257_Plateau_103@EVT_Salomon_Hans_22257_Plateau_151,these people,,0,Occurrence,Salomon_Hans_22257_Plateau,Le Chambon-sur-Lignon,EVT_Salomon_Hans_22257_Plateau_151,45.06081,4.302941,961,Salomon_Hans_22257_Plateau_103
Salomon_Hans_22257_Plateau_103@EVT_Salomon_Hans_22257_Plateau_152,these people,,0,Occurrence,Salomon_Hans_22257_Plateau,Le Chambon-sur-Lignon,EVT_Salomon_Hans_22257_Plateau_152,45.06081,4.302941,961,Salomon_Hans_22257_Plateau_103
Salomon_Hans_22257_Plateau_30@EVT_Salomon_Hans_22257_Plateau_152,Jews,they/them/their,3,Occurrence,Salomon_Hans_22257_Plateau,Le Chambon-sur-Lignon,EVT_Salomon_Hans_22257_Plateau_152,45.06081,4.302941,961,Salomon_Hans_22257_Plateau_30
Salomon_Hans_22257_Plateau_103@EVT_Salomon_Hans_22257_Plateau_153,these people,,0,Occurrence,Salomon_Hans_22257_Plateau,Le Chambon-sur-Lignon,EVT_Salomon_Hans_22257_Plateau_153,45.06081,4.302941,961,Salomon_Hans_22257_Plateau_103
Salomon_Hans_22257_Plateau_35@EVT_Salomon_Hans_22257_Plateau_153,Pastor Trocme,he/him/his,3,Occurrence,Salomon_Hans_22257_Plateau,Le Chambon-sur-Lignon,EVT_Salomon_Hans_22257_Plateau_153,45.06081,4.302941,961,Salomon_Hans_22257_Plateau_35
Salomon_Hans_22257_Plateau_103@EVT_Salomon_Hans_22257_Plateau_154,these people,,0,Occurrence,Salomon_Hans_22257_Plateau,Le Chambon-sur-Lignon,EVT_Salomon_Hans_22257_Plateau_154,45.06081,4.302941,961,Salomon_Hans_22257_Plateau_103
Salomon_Hans_22257_Plateau_92@EVT_Salomon_Hans_22257_Plateau_154,you,unknown,3,Occurrence,Salomon_Hans_22257_Plateau,Le Chambon-sur-Lignon,EVT_Salomon_Hans_22257_Plateau_154,45.06081,4.302941,961,Salomon_Hans_22257_Plateau_92
Salomon_Hans_22257_Plateau_103@EVT_Salomon_Hans_22257_Plateau_155,these people,,0,Occurrence,Salomon_Hans_22257_Plateau,Le Chambon-sur-Lignon,EVT_Salomon_Hans_22257_Plateau_155,45.06081,4.302941,961,Salomon_Hans_22257_Plateau_103
Salomon_Hans_22257_Plateau_94@EVT_Salomon_Hans_22257_Plateau_155,your neighbor,unknown,2,Occurrence,Salomon_Hans_22257_Plateau,Le Chambon-sur-Lignon,EVT_Salomon_Hans_22257_Plateau_155,45.06081,4.302941,961,Salomon_Hans_22257_Plateau_94
Salomon_Hans_22257_Plateau_103@EVT_Salomon_Hans_22257_Plateau_156,these people,,0,Occurrence,Salomon_Hans_22257_Plateau,Le Chambon-sur-Lignon,EVT_Salomon_Hans_22257_Plateau_156,45.06081,4.302941,961,Salomon_Hans_22257_Plateau_103
Salomon_Hans_22257_Plateau_96@EVT_Salomon_Hans_22257_Plateau_156,ourselves,unknown,10,Occurrence,Salomon_Hans_22257_Plateau,Le Chambon-sur-Lignon,EVT_Salomon_Hans_22257_Plateau_156,45.06081,4.302941,961,Salomon_Hans_22257_Plateau_96
Salomon_Hans_22257_Plateau_103@EVT_Salomon_Hans_22257_Plateau_157,these people,,0,Occurrence,Salomon_Hans_22257_Plateau,Le Chambon-sur-Lignon,EVT_Salomon_Hans_22257_Plateau_157,45.06081,4.302941,961,Salomon_Hans_22257_Plateau_103
Salomon_Hans_22257_Plateau_99@EVT_Salomon_Hans_22257_Plateau_157,5000 Jews,,0,Occurrence,Salomon_Hans_22257_Plateau,Le Chambon-sur-Lignon,EVT_Salomon_Hans_22257_Plateau_157,45.06081,4.302941,961,Salomon_Hans_22257_Plateau_99
Salomon_Hans_22257_Plateau_105,they,,0,Person,Salomon_Hans_22257_Plateau,,,,,,Salomon_Hans_22257_Plateau_105
Salomon_Hans_22257_Plateau_105@EVT_Salomon_Hans_22257_Plateau_158,they,,0,Occurrence,Salomon_Hans_22257_Plateau,Le Chambon-sur-Lignon,EVT_Salomon_Hans_22257_Plateau_158,45.06081,4.302941,961,Salomon_Hans_22257_Plateau_105
Salomon_Hans_22257_Plateau_35@EVT_Salomon_Hans_22257_Plateau_158,Pastor Trocme,he/him/his,3,Occurrence,Salomon_Hans_22257_Plateau,Le Chambon-sur-Lignon,EVT_Salomon_Hans_22257_Plateau_158,45.06081,4.302941,961,Salomon_Hans_22257_Plateau_35
Salomon_Hans_22257_Plateau_105@EVT_Salomon_Hans_22257_Plateau_159,they,,0,Occurrence,Salomon_Hans_22257_Plateau,Le Chambon-sur-Lignon,EVT_Salomon_Hans_22257_Plateau_159,45.06081,4.302941,961,Salomon_Hans_22257_Plateau_105
Salomon_Hans_22257_Plateau_96@EVT_Salomon_Hans_22257_Plateau_159,ourselves,unknown,10,Occurrence,Salomon_Hans_22257_Plateau,Le Chambon-sur-Lignon,EVT_Salomon_Hans_22257_Plateau_159,45.06081,4.302941,961,Salomon_Hans_22257_Plateau_96
Salomon_Hans_22257_Plateau_109@EVT_Salomon_Hans_22257_Plateau_160,a farmer,he/him/his,2,Occurrence,Salomon_Hans_22257_Plateau,Le Chambon-sur-Lignon,EVT_Salomon_Hans_22257_Plateau_160,45.06081,4.302941,961,Salomon_Hans_22257_Plateau_109
Salomon_Hans_22257_Plateau_0@EVT_Salomon_Hans_22257_Plateau_160,myself,he/him/his,51,Occurrence,Salomon_Hans_22257_Plateau,Le Chambon-sur-Lignon,EVT_Salomon_Hans_22257_Plateau_160,45.06081,4.302941,961,Salomon_Hans_22257_Plateau_0
Salomon_Hans_22257_Plateau_109@EVT_Salomon_Hans_22257_Plateau_161,a farmer,he/him/his,2,Occurrence,Salomon_Hans_22257_Plateau,Le Chambon-sur-Lignon,EVT_Salomon_Hans_22257_Plateau_161,45.06081,4.302941,961,Salomon_Hans_22257_Plateau_109
Salomon_Hans_22257_Plateau_36@EVT_Salomon_Hans_22257_Plateau_161,Eugene Cotte,,0,Occurrence,Salomon_Hans_22257_Plateau,Le Chambon-sur-Lignon,EVT_Salomon_Hans_22257_Plateau_161,45.06081,4.302941,961,Salomon_Hans_22257_Plateau_36
Salomon_Hans_22257_Plateau_109@EVT_Salomon_Hans_22257_Plateau_162,a farmer,he/him/his,2,Occurrence,Salomon_Hans_22257_Plateau,Le Chambon-sur-Lignon,EVT_Salomon_Hans_22257_Plateau_162,45.06081,4.302941,961,Salomon_Hans_22257_Plateau_109
Salomon_Hans_22257_Plateau_63@EVT_Salomon_Hans_22257_Plateau_162,No one,unknown,2,Occurrence,Salomon_Hans_22257_Plateau,Le Chambon-sur-Lignon,EVT_Salomon_Hans_22257_Plateau_162,45.06081,4.302941,961,Salomon_Hans_22257_Plateau_63
Salomon_Hans_22257_Plateau_109@EVT_Salomon_Hans_22257_Plateau_163,a farmer,he/him/his,2,Occurrence,Salomon_Hans_22257_Plateau,Le Chambon-sur-Lignon,EVT_Salomon_Hans_22257_Plateau_163,45.06081,4.302941,961,Salomon_Hans_22257_Plateau_109
Salomon_Hans_22257_Plateau_96@EVT_Salomon_Hans_22257_Plateau_163,ourselves,unknown,10,Occurrence,Salomon_Hans_22257_Plateau,Le Chambon-sur-Lignon,EVT_Salomon_Hans_22257_Plateau_163,45.06081,4.302941,961,Salomon_Hans_22257_Plateau_96
Salomon_Hans_22257_Plateau_135@EVT_Salomon_Hans_22257_Plateau_164,my parents,,0,Occurrence,Salomon_Hans_22257_Plateau,Le Chambon-sur-Lignon,EVT_Salomon_Hans_22257_Plateau_164,45.06081,4.302941,961,Salomon_Hans_22257_Plateau_135
Salomon_Hans_22257_Plateau_24@EVT_Salomon_Hans_22257_Plateau_164,Tracy Strong,she/her,13,Occurrence,Salomon_Hans_22257_Plateau,Le Chambon-sur-Lignon,EVT_Salomon_Hans_22257_Plateau_164,45.06081,4.302941,961,Salomon_Hans_22257_Plateau_24
Salomon_Hans_22257_Plateau_135@EVT_Salomon_Hans_22257_Plateau_165,my parents,,0,Occurrence,Salomon_Hans_22257_Plateau,Le Chambon-sur-Lignon,EVT_Salomon_Hans_22257_Plateau_165,45.06081,4.302941,961,Salomon_Hans_22257_Plateau_135
Salomon_Hans_22257_Plateau_39@EVT_Salomon_Hans_22257_Plateau_165,Rosh Shoshana,,0,Occurrence,Salomon_Hans_22257_Plateau,Le Chambon-sur-Lignon,EVT_Salomon_Hans_22257_Plateau_165,45.06081,4.302941,961,Salomon_Hans_22257_Plateau_39
Salomon_Hans_22257_Plateau_136@EVT_Salomon_Hans_22257_Plateau_166,one man in Le Chambon - sur - Lignon,he/him/his,2,Occurrence,Salomon_Hans_22257_Plateau,Le Chambon-sur-Lignon,EVT_Salomon_Hans_22257_Plateau_166,45.06081,4.302941,961,Salomon_Hans_22257_Plateau_136
Salomon_Hans_22257_Plateau_40@EVT_Salomon_Hans_22257_Plateau_166,Pierre Stocher,he/him/his,3,Occurrence,Salomon_Hans_22257_Plateau,Le Chambon-sur-Lignon,EVT_Salomon_Hans_22257_Plateau_166,45.06081,4.302941,961,Salomon_Hans_22257_Plateau_40
Salomon_Hans_22257_Plateau_137,the man,he/him/his,2,Person,Salomon_Hans_22257_Plateau,,,,,,Salomon_Hans_22257_Plateau_137
Salomon_Hans_22257_Plateau_137@EVT_Salomon_Hans_22257_Plateau_167,the man,he/him/his,2,Occurrence,Salomon_Hans_22257_Plateau,Le Chambon-sur-Lignon,EVT_Salomon_Hans_22257_Plateau_167,45.06081,4.302941,961,Salomon_Hans_22257_Plateau_137
Salomon_Hans_22257_Plateau_24@EVT_Salomon_Hans_22257_Plateau_167,Tracy Strong,she/her,13,Occurrence,Salomon_Hans_22257_Plateau,Le Chambon-sur-Lignon,EVT_Salomon_Hans_22257_Plateau_167,45.06081,4.302941,961,Salomon_Hans_22257_Plateau_24
Salomon_Hans_22257_Plateau_137@EVT_Salomon_Hans_22257_Plateau_168,the man,he/him/his,2,Occurrence,Salomon_Hans_22257_Plateau,Le Chambon-sur-Lignon,EVT_Salomon_Hans_22257_Plateau_168,45.06081,4.302941,961,Salomon_Hans_22257_Plateau_137
Salomon_Hans_22257_Plateau_140,"some of the students and people that lived in the , in that house",,0,Person,Salomon_Hans_22257_Plateau,,,,,,Salomon_Hans_22257_Plateau_140
Salomon_Hans_22257_Plateau_140@EVT_Salomon_Hans_22257_Plateau_168,"some of the students and people that lived in the , in that house",,0,Occurrence,Salomon_Hans_22257_Plateau,Le Chambon-sur-Lignon,EVT_Salomon_Hans_22257_Plateau_168,45.06081,4.302941,961,Salomon_Hans_22257_Plateau_140
Salomon_Hans_22257_Plateau_137@EVT_Salomon_Hans_22257_Plateau_169,the man,he/him/his,2,Occurrence,Salomon_Hans_22257_Plateau,Le Chambon-sur-Lignon,EVT_Salomon_Hans_22257_Plateau_169,45.06081,4.302941,961,Salomon_Hans_22257_Plateau_137
Salomon_Hans_22257_Plateau_141,the students,,0,Person,Salomon_Hans_22257_Plateau,,,,,,Salomon_Hans_22257_Plateau_141
Salomon_Hans_22257_Plateau_141@EVT_Salomon_Hans_22257_Plateau_169,the students,,0,Occurrence,Salomon_Hans_22257_Plateau,Le Chambon-sur-Lignon,EVT_Salomon_Hans_22257_Plateau_169,45.06081,4.302941,961,Salomon_Hans_22257_Plateau_141
Salomon_Hans_22257_Plateau_140@EVT_Salomon_Hans_22257_Plateau_170,"some of the students and people that lived in the , in that house",,0,Occurrence,Salomon_Hans_22257_Plateau,Le Chambon-sur-Lignon,EVT_Salomon_Hans_22257_Plateau_170,45.06081,4.302941,961,Salomon_Hans_22257_Plateau_140
Salomon_Hans_22257_Plateau_24@EVT_Salomon_Hans_22257_Plateau_170,Tracy Strong,she/her,13,Occurrence,Salomon_Hans_22257_Plateau,Le Chambon-sur-Lignon,EVT_Salomon_Hans_22257_Plateau_170,45.06081,4.302941,961,Salomon_Hans_22257_Plateau_24
Salomon_Hans_22257_Plateau_140@EVT_Salomon_Hans_22257_Plateau_171,"some of the students and people that lived in the , in that house",,0,Occurrence,Salomon_Hans_22257_Plateau,Le Chambon-sur-Lignon,EVT_Salomon_Hans_22257_Plateau_171,45.06081,4.302941,961,Salomon_Hans_22257_Plateau_140
Salomon_Hans_22257_Plateau_141@EVT_Salomon_Hans_22257_Plateau_171,the students,,0,Occurrence,Salomon_Hans_22257_Plateau,Le Chambon-sur-Lignon,EVT_Salomon_Hans_22257_Plateau_171,45.06081,4.302941,961,Salomon_Hans_22257_Plateau_141
Salomon_Hans_22257_Plateau_141@EVT_Salomon_Hans_22257_Plateau_172,the students,,0,Occurrence,Salomon_Hans_22257_Plateau,Le Chambon-sur-Lignon,EVT_Salomon_Hans_22257_Plateau_172,45.06081,4.302941,961,Salomon_Hans_22257_Plateau_141
Salomon_Hans_22257_Plateau_24@EVT_Salomon_Hans_22257_Plateau_172,Tracy Strong,she/her,13,Occurrence,Salomon_Hans_22257_Plateau,Le Chambon-sur-Lignon,EVT_Salomon_Hans_22257_Plateau_172,45.06081,4.302941,961,Salomon_Hans_22257_Plateau_24
LOC_Le_Chambon-sur-Lignon,Le Chambon-sur-Lignon,,,Location,Salomon_Hans_22257_Plateau,Le Chambon-sur-Lignon,,45.06081,4.302941,961,
