toponym,resolved_name,latitude,longitude,emotion,confidence_score,context,context_length,original_range,emotion_numeric
Drancy,Drancy,48.922873,2.444622,fear,0.91,"This idyll didn't last too long, because already in July the French 
started collecting all the Jews for deportation to the either Drancy or 
to the east. And we were affected in Chambon. 
Now I have described the happenings from then, and my first flight to 
Switzerland over the mountains in a diary, and the consequent return by 
Swiss soldiers the same day that we arrived in Switzerland to France, and 
the arrest by the French customs officials, and eventually police, and 
returned to result. In 1941, in I think it was August. 
No. No. It was in November that we fled, to Switzerland.",432,"[37686, 37692]",2
Gurs,Gurs internment camp,43.2986,-0.7122,sadness,0.91,I found an Austrian with whom I get along well and practice speaking German. His name is Kurt Grossmann. His mother disappeared like you. His father [is] in [the French internment camp] Gurs.Later Mr. T. left for Vichy where he has [contacts] and his father was released in one week! Lucky! Lucky!,292,"[37757, 37761]",5
Toulouse,Toulouse,43.6045,1.444,neutral,0.81,"they gathered us together, and we went on a train with a nice 
young lady. Her name was Hirsch. And she took us by train to Toulouse. 
We stayed there overnight with a, a French, with a, a Swiss Red Cross, a 
children's help. And we stayed overnight. And then the next day,",278,"[30386, 30394]",4
Auschwitz,Auschwitz concentration camp,50.0359,19.1784,sadness,0.98,"We knew that it was critical, because at that time we 
knew already that my parents went to Drancy, and from Drancy to Auschwitz. 
We had known, because one of the girls who came out of Gurs with me, she went 
to visit her mother and saw my parents on the, in the, going onto the train to 
Drancy. 
Well, I cried. And I, I was besides myself. To lose my parents, that's, well, 
I didn't say, I wouldn't say lose. I, I, I didn't think they would be killed. 
But to don't know where my parents were, I was really besides myself, and so 
was my brother. So we didn't know what's next.",392,"[213, 222]",5
Camp de Gurs,Camp de Gurs,43.3883,-0.7356,neutral,0.72,"Well, this comes, the, in, in the camp, in Camp de Gurs, it was, it didn't really matter. So in, sometime in September of 1942, a woman came to see my parents. We visited, my mother came over to visit us. And we were told that somebody is coming from the OSE. I don't know if you heard about the OSE, which is Oeuvre de Secour aux Enfants. And she asked several people if they would like to send that, one of their children, if the child is young enough, to send them somewhere where they would be safe. And my mother and father said, I think we should. And I said I don't want to go out without my brother. And they said, oh, no. You gonna go. So",482,"[31062, 31074]",4
Massif Central,Massif Central,45.5,3.0,neutral,0.77,"I discovered later, especially after the war, many years 
after the war, that Le Chambon was a most unique village in France. 
It is located at about 3,000 feet elevation in the Massif Central, in the 
central mountain chain in France. Sort of isolated on a desolate plateau, 
very cold in the winter, windswept plateau. Agriculture was pretty 
rudimentary. 
But what made this village unusual was that in the country, that is 90% 
or 95% Catholic, this village was about 90% Protestant. And the 
villagers, under the leadership of their pastor, Andre Trocme, were 
inspired to live the Bible. 
These were very simple farmers, and they considered that the Jews were 
the chosen people of the Bible. They knew that they were hiding Jews. 
They also believed in helping, because the Bible says ",624,"[4275, 5489]",4
Le Chambon,Le Chambon-sur-Lignon,45.06081,4.302941,neutral,0.7,"Saturday, January 16, 1943 [ Le Chambon sur Lignon] 
I took leave, took the first streetcar at 6 a.m. and at 7:20 a.m. I left aboard the 
Marseilles to Paris express (travel, change train, bus, wrong [place?], 
Lavoulte bridge, telephone, fast train, Cheylard local train, St. Agrève). I arrived at 
St. Agrève at 11:49 p.m. The train did not go beyond there.",420,"[163, 183]",4
Lyon,Lyon,45.75,4.85,fear,0.81,"He was minister of finance under de Gaulle, who left France, in, under the 
Nazis' eyes of the airport in Lyon, and went to England, and from England 
to Algiers.  And the, his wife was really special to me, because she was 
like a mother to me. And I used to visit her almost every day.",303,"[31571, 31575]",2
College Cevenol,Collège Cévenol,45.0677,4.3084,neutral,0.81,"And so I found shelter there. I, I was sent to school, to a school that they had organized, which was called the College Cevenol. As a matter of fact, that school is a private school today that still, still is in existence. We, under the circumstance, and in retrospect, lived a fairly good life. There being villagers, we, I mean, farmers.",375,"[5241, 5256]",4
Le Chambon-sur Lignon,Le Chambon-sur-Lignon,45.06081,4.302941,sadness,0.91,"And then the next day, we went 
to the Le Chambon-sur Lignon, which is, was a haven for a lot of Jewish 
people. 
So this is when you separated from your parents? 
That's right, and from my brother. 
It was not easy for me. It was very hard for them. They knew this might be 
it. And my brother was, I said to my brother when I left, I said, I'll see 
what I can do to get you out when I'm there. Just let me get my feet on 
the ground.",390,"[30489, 30510]",5
France,France,46.603354,1.888334,neutral,0.7,"At the same time, the thing from the UGIF [Union Générale des Israélites de France] arrived. 
Saturday, January 16, 1943 [ Le Chambon sur Lignon] 
I took leave, took the first streetcar at 6 a.m. and at 7:20 a.m. I left aboard the 
Marseilles to Paris express (travel, change train, bus, wrong [place?], 
Lavoulte bridge, telephone, fast train, Cheylard local train, St. Agrève). I arrived at 
St. Agrève at 11:49 p.m. The train did not go beyond there. 
Mr. Trocmé came on his bicycle to meet me (still a young man and very nice). 
Now we still had to cover fifteen kilometers through the snow and a moonlit night. 
We arrived at Les Grillons at 2:30 a.m. There we ate something wa",444,"[954, 960]",4
Massif Central,Massif Central,45.5,3.0,neutral,0.67,"At first I didn't know where I was, 
what it was. I discovered later, especially after the war, many years 
after the war, that Le Chambon was a most unique village in France. 
It is located at about 3,000 feet elevation in the Massif Central, in the 
central mountain chain in France. Sort of isolated on a desolate plateau, 
very cold in the winter, windswept plateau. Agriculture was pretty 
rudimentary. 
But what made this village unusual was that in the country, that is 90% 
or 95% Catholic, this village was about 90% Protestant. And the 
villagers, under the leadership of their pastor, Andre Trocme, were 
inspired to live the Bible.",537,"[4190, 4204]",4
France,France,46.603354,1.888334,neutral,0.8,"the thing from the UGIF [Union Générale des Israélites de France] arrived. 
Saturday, January 16, 1943 [ Le Chambon sur Lignon] 
I took leave, took the first streetcar at 6 a.m. and at 7:20 a.m. I left aboard the 
Marseilles to Paris express (travel, change train, bus, wrong [place?], 
Lavoulte bridge, telephone, fast train, Cheylard local train, St. Agrève). I arrived at 
St. Agrève at 11:49 p.m. The train did not go beyond there.",415,"[4236, 4242]",4
Les Grillons,"Les Grillons (Le Chambon-sur-Lignon, France)",45.06081,4.302941,joy,0.78,"Now we still had to cover fifteen kilometers through the snow and a moonlit night. We arrived at Les Grillons at 2:30 a.m. There we ate something warm and then I went to sleep in the annex (I only saw Mr. T.). Sunday, January 17, 1943 I got up at the stroke of nine [in the morning] and little by little got acquainted in the kitchen. It was really very nice and clean. Later, I went to see Amedée, the boy who was to come here with me. I played and thought a lot about you. There are children here in various situations (some like me). Monday, January 18, 1943 Mr. T. [Trocmé] gave us school textbooks and notebooks. Tomorrow we'll go to school. I changed my room and I now sleep on the second floor",544,"[5541, 5553]",3
Les Grillons,"Les Grillons, Le Chambon-sur-Lignon",45.059982,4.299004,joy,0.87,"Mr. Trocmé came on his bicycle to meet me (still a young man and very nice). Now we still had to cover fifteen kilometers through the snow and a moonlit night. We arrived at Les Grillons at 2:30 a.m. There we ate something warm and then I went to sleep in the annex (I only saw Mr. T.). Sunday, January 17, 1943 I got up at the stroke of nine [in the morning] and little by little got acquainted in the kitchen. It was really very nice and clean. Later, I went to see Amedée, the boy who was to come here with me. I played and thought a lot about you.",455,"[3906, 3918]",3
Vichy,Vichy,46.1287,3.4264,neutral,0.76,"His father [is] in [the French internment camp] Gurs.Later Mr. T. left for Vichy where 
he has [contacts] and his father was released in one week! 
Lucky! Lucky! 
Friday, January 22, 1943 
The UGIF now sends me three hundred francs every month. Mr. T. however takes them. 
Sunday, January 31, 1943 
Again another month begins and I am still without news from you.",330,"[30781, 30786]",4
France,France,46.603354,1.888334,neutral,0.77,"Mrs. B. told me that she received a telegram from Mr. 
Trocmé. He has a vacancy and expects me as soon as possible. Once again I am in 
luck. I quickly packed my suitcases so as to be able to leave early Saturday at 
7:20 a.m. At the same time, the thing from the UGIF [Union Générale des Israélites de 
France] arrived. 
Saturday, January 16, 1943 [ Le Chambon sur Lignon] 
I took leave, took the first streetcar at 6 a.m. and at 7:20 a.m. I left aboard the 
Marseilles to Paris express (travel, change train, bus, wrong [place?], 
Lavoulte bridge, telephone, fast train, Cheylard local train, St. Agrève). I arrived at 
St. Agrève at 11:49 p.m. The train did not go beyond there. 
Mr. Trocmé came on his bicycle to meet me (still a young man and very nice). 
Now we still had to cover fifteen kilometers through the snow and a moonlit night. 
We arrived at Les Grillons at 2:30 a.m.",661,"[4145, 4151]",4
Algiers,Algiers,36.7538,3.0588,neutral,0.79,"I love her and admire her so much, and she's always been so kind to me. Her husband is fighting the Germans with de Gaulle in Algiers. Maybe she can help me get out of France. I WENT TO MADAME PHILIP and I said, ""I would like to go to Algiers. I want to join de Gaulle. I want to fight."" But she said, ""No, you're going to Switzerland!"" Switzerland is a neutral country in the war, so Jews are safe from the Nazis there.",391,"[31615, 31622]",4
Le Chambon-sur-Lignon,Le Chambon-sur-Lignon,45.06081,4.302941,fear,0.93,"by late December, December 31, I was notified that I would be shipped 
off to another location. And I was put on a train. And on New Year's Eve, 
they explained to me that there would be fewer patrols and police out, 
checking people's, traveler's papers, identity papers. And I was told to 
get off at a place called Le Chambon-sur-Lignon. 
And I arrived at about 4 o'clock in the morning. 3:00, 3:00 or 4 o'clock 
in the morning. It was a bitter, cold night. And I was met there by a 
young man named Daniel Trocme, who then took me, and we had a very, very 
long walk through the night. And ultimately, I wound up in a, a stone 
farmhouse called Les Grillons, the crickets, French word for crickets. 
And there I found myself together with about 22 or 24 other kids, ranging 
in age from about six, seven, up to about 17 or 18, boys and girls.",583,"[3721, 3742]",2
Le Chambon,,0.0,0.0,neutral,0.0,,0,"[7773, 7783]",4
England,England,52.3555177,-1.1743197,neutral,0.74,"He was minister of finance under de Gaulle, who left France, in, under the Nazis' eyes of the airport in Lyon, and went to England, and from England to Algiers.  And the, his wife was really special to me, because she was like a mother to me. And I used to visit her almost every day.",344,"[31591, 31598]",4
"Auch, Gers","Auch, Gers",43.646536,0.586626,neutral,0.75,"They took identity pictures of us. And in due time, I was given a 
French identity card with the name of Pierre Fesson. I kept my same birth 
date, but I was told that my place of birth was Auch, Gers, where I last 
lived with my parents. 
What kinds of contact, if any, did you ever have with either the 
resistance or with any of the, the groups that were attempting to fight 
the Germans from within France?",390,"[7556, 7566]",4
France,France,46.603354,1.888334,neutral,0.7,"Mrs. B. told me that she received a telegram from Mr. Trocmé. He has a vacancy and expects me as soon as possible. Once again I am in luck. I quickly packed my suitcases so as to be able to leave early Saturday at 7:20 a.m. At the same time, the thing from the UGIF [Union Générale des Israélites de France] arrived. Saturday, January 16, 1943 [ Le Chambon sur Lignon] I took leave, took the first streetcar at 6 a.m. and at 7:20 a.m. I left aboard the Marseilles to Paris express (travel, change train, bus, wrong [place?], Lavoulte bridge, telephone, fast train, Cheylard local train, St. Agrève). I arrived at St. Agrève at 11:49 p.m.",556,"[954, 960]",4
Germany,Germany,51.165691,10.451526,sadness,0.81,"And France was the haven. I mean, they thought nothing could happen to them when they got to France. They didn't realize that they would be picked up there just as well as they could have been in Germany or in Hungary or in Romania or anywhere else. And they never talked the language. And they were, they were easy prey for the Germans because they themselves didn't have enough, enough knowledge of a language. And if they spoke the language a little, they had a terrible accent. So they were immediately denounced.",474,"[8319, 8326]",5
Le Chambon,Le Chambon-sur-Lignon,45.06081,4.302941,neutral,0.0,"Saturday, January 16, 1943 [ Le Chambon sur Lignon] 
I took leave, took the first streetcar at 6 a.m. and at 7:20 a.m. I left aboard the 
Marseilles to Paris express (travel, change train, bus, wrong [place?], 
Lavoulte bridge, telephone, fast train, Cheylard local train, St. Agrève). I arrived at 
St. Agrève at 11:49 p.m. The train did not go beyond there. 
Mr. Trocmé came on his bicycle to meet me (still a young man and very nice). 
Now we still had to cover fifteen kilometers through the snow and a moonlit night. 
We arrived at Les Grillons at 2:30 a.m. There we ate something warm and then I 
went to sleep in the annex (I only s",563,"[1001, 2211]",4
Hungary,Hungary,47.162494,19.503304,sadness,0.92,"They didn't realize that they would be picked up there just as 
well as they could have been in Germany or in Hungary or in Romania or 
anywhere else. 
And they never talked the language. And they were, they were easy prey 
for the Germans because they themselves didn't have enough, enough 
knowledge of a language.",359,"[226, 233]",5
Switzerland,Switzerland,46.7985624,8.2319736,fear,0.94,"Now I have described the happenings from then, and my first flight to 
Switzerland over the mountains in a diary, and the consequent return by 
Swiss soldiers the same day that we arrived in Switzerland to France, and 
the arrest by the French customs officials, and eventually police, and 
returned to result. In 1941, in I think it was August. 
No. No. It was in November that we fled, to Switzerland. 
We crossed the Alps. It wasn't that simple. We were hidden for a while in 
Chambon, and surrounding with mostly Protestant farmers",427,"[41488, 41500]",2
Le Chambon,Le Chambon-sur-Lignon,45.06081,4.302941,neutral,0.85,"Friday, January 15, 1943 
We were told that we'll have to get out in two or three days. When I 
returned from Marseilles at noon, Mrs. B. told me that she received a telegram from Mr. 
Trocmé. He has a vacancy and expects me as soon as possible. Once again I am in 
luck. I quickly packed my suitcases so as to be able to leave early Saturday at 
7:20 a.m. At the same time, the thing from the UGIF [Union Générale des Israélites de 
France] arrived. 
Saturday, January 16, 1943 [ Le Chambon sur Lignon] 
I took leave, took the first streetcar at 6 a.m. and at 7:20 a.m. I left aboard the 
Marseilles to Paris express (travel, change train, bus, wrong [place?], 
Lavoulte bridge, telephone, fast train, Cheylard local train, St. Agrève).",461,"[1001, 1011]",4
Annecy,Annecy,45.899247,6.129384,neutral,0.76,"I'm supposed to be a French Boy Scout just sitting here on the train going to Annecy. 
So I'd better not laugh at their jokes, even though they're really funny. 
I left Le Chambon for Switzerland right after getting my false papers. They gave me a Boy Scout 
uniform to wear. That was my disguise.",294,"[42265, 42271]",4
France,France,46.603354,1.888334,neutral,0.7,"from Marseilles at noon, Mrs. B. told me that she received a telegram from Mr. 
Trocmé. He has a vacancy and expects me as soon as possible. Once again I am in 
luck. I quickly packed my suitcases so as to be able to leave early Saturday at 
7:20 a.m. At the same time, the thing from the UGIF [Union Générale des Israélites de 
France] arrived. 
Saturday, January 16, 1943 [ Le Chambon sur Lignon] 
I took leave, took the first streetcar at 6 a.m. and at 7:20 a.m. I left aboard the 
Marseilles to Paris express (travel, change train, bus, wrong [place?], 
Lavoulte bridge, telephone, fast train, Cheylard local train, St. Agrève). I arrived at 
St. Agrève at 11:49 p.m. The train did not go beyond there. 
Mr. Trocmé came on his bicycle to meet me (still a young man and very nice). 
Now we still had to cover fifteen kilometers through the snow and a moonlit night. 
We arrived at Les Grillons at 2:30 a.m. There we ate",628,"[954, 960]",4
Eastern Europe,Eastern Europe,54.526,15.2551,sadness,0.93,"And it was the biggest tragedy of that time was to have those people who came from Eastern Europe and escaped to France. And France was the haven. I mean, they thought nothing could happen to them when they got to France. They didn't realize that they would be picked up there just as well as they could have been in Germany or in Hungary or in Romania or anywhere else. And they never talked the language.",427,"[8159, 8172]",5
Grenoble,Grenoble,45.188529,5.724524,neutral,0.73,"She took me and another pastor who joined us there, took us 
to Grenoble, from Grenoble to Annecy. 
As a matter of fact, the French resistance in Le Chambon was very, very big too, 
which, but they had passive resistance there. 
This is the house called La Guespy. It means, what do you call it? Wasp net, nest.",274,"[42241, 42249]",4
Le Chambon-sur-Lignon,Le Chambon-sur-Lignon,45.06081,4.302941,neutral,0.6,"by late December, December 31, I was notified that I would be shipped 
off to another location. And I was put on a train. And on New Year's Eve, 
they explained to me that there would be fewer patrols and police out, 
checking people's, traveler's papers, identity papers. And I was told to 
get off at a place called Le Chambon-sur-Lignon. 
And I arrived at about 4 o'clock in the morning. 3:00, 3:00 or 4 o'clock 
in the morning. It was a bitter, cold night. And I was met there by a 
young man named Daniel Trocme, who then took me, and we had a very, very 
long walk through the night. And ultimately, I wound up in a, a stone 
farmhouse called Les Grillons, the crickets, French word for crickets.",529,"[42729, 42751]",4
Camp de Gurs,Camp de Gurs,43.3667,-0.7,neutral,0.0,,0,"[40718, 40730]",4
Valence,"Valence, Drôme, France",44.9333,4.8924,fear,0.92,"Jean-Pierre, Pastor Trocme's 
son, and Marco Darcissac, the son of the schoolmaster, took me by bicycle all the way down the 
mountains to Valence, seventy kilometers! I was scared stiff! I had never gone down such steep 
mountains before on a bike. 
They left me with a lady in Valence. She took me to her brother, who was a pastor. I stayed for 
the whole weekend, and I even went to church with them!",378,"[42088, 42095]",2
Alsace-Lorraine,Alsace-Lorraine,48.5,7.5,neutral,0.77,"He had to make sure that the swastika came off. My new name is Jacques Levet, and it says on my ID card that I was born in Alsace-Lorraine. That's close to the German border, so it might explain my German accent if I'm stopped. Pastor Theis says I can leave for Switzerland in a couple of days.",317,"[41732, 41747]",4
Chambon,Le Chambon-sur-Lignon,45.06081,4.302941,neutral,0.89,"I quickly packed my suitcases so as to be able to leave early Saturday at 7:20 a.m. At the same time, the thing from the UGIF [Union Générale des Israélites de France] arrived. Saturday, January 16, 1943 [ Le Chambon sur Lignon] I took leave, took the first streetcar at 6 a.m. and at 7:20 a.m. I left aboard the Marseilles to Paris express (travel, change train, bus, wrong [place?], Lavoulte bridge, telephone, fast train, Cheylard local train, St. Agrève). I arrived at St. Agrève at 11:49 p.m.",442,"[1004, 1011]",4
Le Chambon,Le Chambon-sur-Lignon,45.06081,4.302941,neutral,0.79,"Friday, January 15, 1943 
We were told that we'll have to get out in two or three days. When I 
returned from Marseilles at noon, Mrs. B. told me that she received a telegram from Mr. 
Trocmé. He has a vacancy and expects me as soon as possible. Once again I am in 
luck. I quickly packed my suitcases so as to be able to leave early Saturday at 
7:20 a.m. At the same time, the thing from the UGIF [Union Générale des Israélites de 
France] arrived. 
Saturday, January 16, 1943 [ Le Chambon sur Lignon] 
I took leave, took the first streetcar at 6 a.m. and at 7:20 a.m. I left aboard the 
Marseilles to Paris express (travel, change train, bus, wrong [place?], 
Lavoulte bridge, telephone, fast train, Cheylard local train, St. Agrève). I arrived at 
St. Agrève at 11:49 p.m. The train did not go beyond there. 
Mr. Trocmé came on his bicycle to meet me (still a young man and very nice). 
Now we still had to cover fifteen kilometers through the snow and a moonlit night. 
We arrived at Les Grillons at 2:30 a.m.",659,"[1001, 1011]",4
Le Puy,Le Puy-en-Velay,45.044541,3.885218,fear,0.94,"They're starting the bus. They say they're taking us to Le Puy, which is where the Nazis are. I'm 
scared.
Age 17, February 1943, LePuy-en-Velay, France 
The gendarmes have interrogated me and so have the Germans. I'm really lucky. For some 
reason, they've decided to let me go.",294,"[38992, 38999]",2
Romania,Romania,45.9432,24.9668,sadness,0.93,"And it was the biggest tragedy of that time was to have those people 
who came from Eastern Europe and escaped to France. And France was the 
haven. I mean, they thought nothing could happen to them when they got to 
France. They didn't realize that they would be picked up there just as 
well as they could have been in Germany or in Hungary or in Romania or 
anywhere else. 
And they never talked the language. And they were, they were easy prey 
for the Germans because they themselves didn't have enough, enough 
knowledge of a language.",450,"[8347, 8354]",5
Chambon-sur-Lignon,Le Chambon-sur-Lignon,45.06081,4.302941,fear,0.92,"And I was put on a train. And on New Year's Eve, 
they explained to me that there would be fewer patrols and police out, 
checking people's, traveler's papers, identity papers. And I was told to 
get off at a place called Le Chambon-sur-Lignon. 
And I arrived at about 4 o'clock in the morning. 3:00, 3:00 or 4 o'clock 
in the morning. It was a bitter, cold night. And I was met there by a 
young man named Daniel Trocme, who then took me, and we had a very, very 
long walk through the night.",387,"[12763, 12781]",2
Chambon-sur-Lignon,Le Chambon-sur-Lignon,45.06081,4.302941,fear,0.94,"And I was told to 
get off at a place called Le Chambon-sur-Lignon. 
And I arrived at about 4 o'clock in the morning. 3:00, 3:00 or 4 o'clock 
in the morning. It was a bitter, cold night. And I was met there by a 
young man named Daniel Trocme, who then took me, and we had a very, very 
long walk through the night. And ultimately, I wound up in a, a stone 
farmhouse called Les Grillons, the crickets, French word for crickets. 
And there I found myself together with about 22 or 24 other kids, ranging 
in age from about six, seven, up to about 17 or 18, boys and girls. And 
Daniel Trocme was our, call it then, then father. He was the, 
our supervisor and the m",610,"[12951, 12969]",2
Le Chambon,Le Chambon-sur-Lignon,45.06081,4.302941,neutral,0.0,,0,"[1001, 2211]",4
Chambon,Le Chambon-sur-Lignon,45.06081,4.302941,neutral,0.69,"Saturday, January 16, 1943 [ Le Chambon sur Lignon] 
I took leave, took the first streetcar at 6 a.m. and at 7:20 a.m. I left aboard the 
Marseilles to Paris express (travel, change train, bus, wrong [place?], 
Lavoulte bridge, telephone, fast train, Cheylard local train, St. Agrève). I arrived at 
St. Agrève at 11:49 p.m.",324,"[1004, 1011]",4
Washington,"Washington, D.C.",38.89511,-77.03637,neutral,0.84,"I told you once about Le Chambon. I 
mean, if you ever go to the museum, the Holocaust museum in Washington, 
you'll see a very good display of what Chambon was. 
It was a little village up above Saint-Etienne, about 15 miles away. The 
head of that village was a famous pastor, a Protestant pastor by the name 
of Trocme. He and his wife and the children lived, of course, in the, in 
the, what do you call the house that belongs to the church, where they 
live? 
And there were 5,000 villager there.",430,"[11754, 11764]",4
Spain,Spain,40.463667,-3.74922,neutral,0.68,"which was the home for students from all 
countries in Europe,  Spain, Belgium, Austria, Poland, Russia, 
approximately my age or older. 
There were all denominations. And we were supposed to be able to 
continue to some extent the studies, to the extent that the faculty was 
available. And we did indeed attend school.",359,"[184, 189]",4
Haute-Loire,Haute-Loire,45.15,3.983333,fear,0.65,"sad and weary. During rest hour Mrs. Cavailhon called me. She 
received a letter asking whether she wanted to send some children to a very nice 
school in Haute-Loire at an elevation of one thousand meters.  She selected me 
and another boy. I'll be able to go there but she is afraid that perhaps I 
won't be safe there.",329,"[152, 163]",2
Saint-Etienne,"Saint-Étienne, Loire, Auvergne-Rhône-Alpes, France",45.4397,4.3872,neutral,0.77,"It was a little village up above Saint-Etienne, about 15 miles away. The head of that village was a famous pastor, a Protestant pastor by the name of Trocme. He and his wife and the children lived, of course, in the, in the, what do you call the house that belongs to the church, where they live? And there were 5,000 villager there. And somebody had heard that someone in that village would hide them. So all of a sudden, one Jewish family came there and went to the pastor. And he gave them to a family. And that family came to him after and said, what are we going to do with these people?",491,"[11848, 11862]",4
Belgium,Belgium,50.503887,4.469936,neutral,0.8,"the home for students from all 
countries in Europe,  Spain, Belgium, Austria, Poland, Russia, 
approximately my age or older. 
There were all denominations. And we were supposed to be able to 
continue to some extent the studies, to the extent that the faculty was 
available. And we did indeed attend school. 
I attended, for example, in the second grade in French. I was among little 
children, which they found very amusing. I didn't think so myself, but 
it was for the purpose of learning French.",414,"[13191, 13198]",4
Chambon,Le Chambon-sur-Lignon,45.06081,4.302941,neutral,0.79,"We were told that we'll have to get out in two or three days. When I 
returned from Marseilles at noon, Mrs. B. told me that she received a telegram from Mr. 
Trocmé. He has a vacancy and expects me as soon as possible. Once again I am in 
luck. I quickly packed my suitcases so as to be able to leave early Saturday at 
7:20 a.m. At the same time, the thing from the UGIF [Union Générale des Israélites de 
France] arrived. 
Saturday, January 16, 1943 [ Le Chambon sur Lignon] 
I took leave, took the first streetcar at 6 a.m.",393,"[13562, 13569]",4
Austria,Austria,47.59397,14.12456,neutral,0.82,"Wednesday, January 20, 1943 
I go to school. Often think of you. I found an Austrian with whom I get along well 
and practice speaking German. His name is Kurt Grossmann. His mother disappeared like you. 
His father [is] in [the French internment camp] Gurs.Later Mr. T. left for Vichy where 
he has [contacts] and his father was released in one week!",390,"[13200, 13207]",4
Lyon,Lyon,45.75,4.85,neutral,0.74,"He was minister of finance under de Gaulle, who left France, in, under the 
Nazis' eyes of the airport in Lyon, and went to England, and from England 
to Algiers.  And the, his wife was really special to me, because she was ",250,"[33364, 33368]",4
Switzerland,Switzerland,46.7985624,8.2319736,fear,0.91,"this idyll didn't last too long, because already in July the French 
started collecting all the Jews for deportation to the either Drancy or 
to the east. And we were affected in Chambon. 
Now I have described the happenings from then, and my first flight to 
Switzerland over the mountains in a diary, and the consequent return by 
Swiss soldiers the same day that we arrived in Switzerland to France, and 
the arrest by the French customs officials, and eventually police, and 
returned to result. In 1941, in I think it was August. 
No. No. It was in November that we fled, to Switzerland. 
We crossed the Alps. It wasn't that simple. We were hidden for a while in 
Chambon, and surrounding with mostly Protestant farmers, or, you know, 
summer resident people.",552,"[13627, 13639]",2
Algiers,Algiers,36.752778,3.042222,neutral,0.75,"I love her and admire her so much, and she's always 
been so kind to me. Her husband is fighting the Germans with de Gaulle in Algiers. 
Maybe she can help me get out of France. 
I WENT TO MADAME PHILIP and I said, ""I would like to go to Algiers. I want to join de 
Gaulle. I want to fight."" But she said, ""No, you're going to Switzerland!"" 
Switzerland is a neutral country in the war, so Jews are safe from the Nazis there.",457,"[33414, 33421]",4
Gurs,Gurs internment camp,43.3525,-0.7831,sadness,0.93,"I found an Austrian with whom I get along well 
and practice speaking German. His name is Kurt Grossmann. His mother disappeared like you. 
His father [is] in [the French internment camp] Gurs.Later Mr. T. left for Vichy where 
he has [contacts] and his father was released in one week! 
Lucky! Lucky! ",308,"[34036, 34040]",5
Camp de Gurs,Camp de Gurs,43.4456,-0.8036,neutral,0.67,"Well, this comes, the, in, in the camp, in Camp de Gurs, it was, it didn't really matter. So in, sometime in September of 1942, a woman came to see my parents. We visited, my mother came over to visit us. And we were told that somebody is coming from the OSE. I don't know if you heard about the OSE, which is Oeuvre de Secour aux Enfants. And she asked several people if they would like to send that, one of their children, if the child is young enough, to send them somewhere where they would be safe.",430,"[33680, 33692]",4
Europe,Europe,54.526,15.2551,neutral,0.0,"d a kind of a chain, being tremendously helped by the priest 
and the nuns who were taking them into monasteries or in their own 
quarters until they could place them in farm. 
And this was really, the women were mainly involved in that. I mean, it 
was one of the big, one of the big way you could help. I mean, there 
were so many children who were abandoned, abandoned by the Germans, when 
they took their parents and left the children behind. I mean, and those 
kids could practically speak no French. 
And it was the biggest tragedy of that time was to have those people 
who came from Eastern Europe and escaped to France. And France was the 
haven. I mean, they thought nothing could happen to them when they got to 
France. They didn't realize that they would be picked up there just as 
well as they could have been in Germany or in Hungary or in Romania or 
anywhere else. 
And they never talked the language. And they were, they were easy prey 
for the Germans because they themselves didn't have enough, enough 
knowledge of a language. And if they spoke the language a little, they 
had a terrible accent. So they were immediately denounced. 
And the children were usually left? 
Sometimes. S",1024,"[13175, 13181]",4
University of Lyon,University of Lyon,45.7296,4.8378,neutral,0.77,"who was very special to me, especially his wife. His name was André Philip. He was minister of finance under de Gaulle, who left France, in, under the Nazis' eyes of the airport in Lyon, and went to England, and from England to Algiers.  And the, his wife was really special to me, because she was like a mother to me. And I used to visit her almost every day. And, so one, but before Mr. Philip, who was also a professor of economics of the University of Lyon, he came one night, and he, OK, had a big chariot with with two wheels, bicycle wheels on it, of potatoes, which was illegal to, to buy and hoard 'em in France.",534,"[33487, 33505]",4
Drancy,Drancy,48.9256,2.4456,fear,0.96,"And we did indeed attend school. 
I attended, for example, in the second grade in French. I was among little 
children, which they found very amusing. I didn't think so myself, but 
it was for the purpose of learning French. Of course, formal maths and 
other courses, I was in upper grades. 
This idyll didn't last too long, because already in July the French 
started collecting all the Jews for deportation to the either Drancy or 
to the east. And we were affected in Chambon. 
Now I have described the happenings from then, and my first flight to 
Switzerland over the mountains in a diary, and the consequent return by 
Swiss soldiers the same day that we arrived in Switzerland to France, and 
the arrest by the French customs officials, and eventually police, and 
returned to result.",565,"[13492, 13498]",2
Vichy,Vichy,46.1287,3.4264,neutral,0.73,"His father [is] in [the French internment camp] Gurs.Later Mr. T. left for Vichy where 
he has [contacts] and his father was released in one week! 
Lucky! Lucky! 
Friday, January 22, 1943 
The UGIF now sends me three hundred francs every month. Mr. T. however takes them.",286,"[34163, 34168]",4
Poland,Poland,51.919438,19.145136,neutral,0.0,,0,"[13209, 13215]",4
Russia,Russia,61.52401,105.318756,neutral,0.69,"was the home for students from all 
countries in Europe,  Spain, Belgium, Austria, Poland, Russia, 
approximately my age or older. 
There were all denominations. And we were supposed to be able to 
continue to some extent the studies, to the extent that the faculty was 
available.",277,"[236, 242]",4
Le Chambon,Le Chambon-sur-Lignon,45.06081,4.302941,neutral,0.82,"Friday, January 15, 1943 
We were told that we'll have to get out in two or three days. When I 
returned from Marseilles at noon, Mrs. B. told me that she received a telegram from Mr. 
Trocmé. He has a vacancy and expects me as soon as possible. Once again I am in 
luck. I quickly packed my suitcases so as to be able to leave early Saturday at 
7:20 a.m. At the same time, the thing from the UGIF [Union Générale des Israélites de 
France] arrived. 
Saturday, January 16, 1943 [ Le Chambon sur Lignon] 
I took leave, took the first streetcar at 6 a.m. and at 7:20 a.m. I left aboard the 
Marseilles to Paris express (travel, change train, bus, wrong [place?], 
Lavoulte bridge, telephone, fast train, Cheylard local train, St. Agrève). I arrived at 
St. Agrève at 11:49 p.m. The train did not go beyond there.",541,"[1001, 1011]",4
La Guespy,"La Guespy, Le Chambon-sur-Lignon, France",45.0615,4.3027,neutral,0.78,"I'm in Le Chambon-sur-Lignon. It's way up on a high plateau in the mountains. It's beautiful 
here. What a difference from Gurs! I'm staying at La Guespy, which is a home for refugee kids 
like me. Lots of the kids are Jewish, but not all of them. Hanne and the others I came with are all 
staying here, too. Monsieur Bohny is head of all three Swiss Aid homes for refugee kids in Le 
Chambon. The lady who is in charge of us here at La Guespy is named Mademoiselle Usach. 
She never smiles. What a grouch! None of us like her. 
So far I've learned a few words of French. I have a nice teacher. Most of us don't know French.",537,"[42461, 42470]",4
New York,New York City,40.7127753,-74.0059728,neutral,0.81,"en charge was a man with the name of Auguste Bohny. Somebody, he was 
just last year, he was honored by the B'nai B'rith here in New York. 
And we, he started this carpenter shop. And we, my brother and I, brother 
and I, who also came to Le Chambon, after a short while, and we worked there.",309,"[33917, 33925]",4
Le Chambon,Le Chambon-sur-Lignon,45.06081,4.302941,neutral,0.99,"Saturday, January 16, 1943 [ Le Chambon sur Lignon] 
I took leave, took the first streetcar at 6 a.m. and at 7:20 a.m. I left aboard the 
Marseilles to Paris express (travel, change train, bus, wrong [place?], 
Lavoulte bridge, telephone, fast train, Cheylard local train, St. Agreve). I arrived at 
St. Agreve at 11:49 p.m. The train did not go beyond there. 
Mr. Trocme came on his bicycle to meet me (still a young man and very nice). 
Now we still had to cover fifteen kilometers through the snow and a moonlit night. 
We arrived at Les Grillons at 2:30 a.m. There we ate something warm and then I 
wento sleep in the annex (I only s",537,"[1001, 2211]",4
Le Chambon,Le Chambon-sur-Lignon,45.06081,4.302941,neutral,0.7,"Saturday, January 16, 1943 [ Le Chambon sur Lignon] 
I took leave, took the first streetcar at 6 a.m. and at 7:20 a.m. I left aboard the 
Marseilles to Paris express (travel, change train, bus, wrong [place?], 
Lavoulte bridge, telephone, fast train, Cheylard local train, St. Agrève). I arrived at 
St. Agrève at 11:49 p.m. The train did not go beyond there. 
Mr. Trocmé came on his bicycle to meet me (still a young man and very nice). 
Now we still had to cover fifteen kilometers through the snow and a moonlit night. 
We arrived at Les Grillons at 2:30 a.m. There we ate something warm and then I 
w...",600,"[1001, 2211]",4
Britain,United Kingdom,55.378051,-3.435973,joy,0.88,"We're lucky because there's a shortwave radio in the house and we get news from Britain. It's in 
French, and we understand enough French now to know what they're saying. We think they're 
sending coded messages to the Resistance here in France. It's very exciting!",296,"[23038, 23045]",3
France,France,46.603354,1.888334,neutral,0.81,"When I 
returned from Marseilles at noon, Mrs. B. told me that she received a telegram from Mr. 
Trocmé. He has a vacancy and expects me as soon as possible. Once again I am in 
luck. I quickly packed my suitcases so as to be able to leave early Saturday at 
7:20 a.m. At the same time, the thing from the UGIF [Union Générale des Israélites de 
France] arrived. 
Saturday, January 16, 1943 [ Le Chambon sur Lignon] 
I took leave, took the first streetcar at 6 a.m. and at 7:20 a.m. I left aboard the 
Marseilles to Paris express (travel, change train, bus, wrong [place?], 
Lavoulte bridge, telephone, fast train, Cheylard local train, St. Agrève). I arrived at 
St. Agrève at 11:49 p.m.",527,"[954, 960]",4
Poland,Poland,51.919438,19.145136,neutral,0.8,"which was the home for students from all 
countries in Europe,  Spain, Belgium, Austria, Poland, Russia, 
approximately my age or older. 
There were all denominations. And we were supposed to be able to 
continue to some extent the studies, to the extent that the faculty was 
available. And we did indeed attend school.",257,"[23636, 23642]",4
La Guespy,La Guespy,45.054581,4.296783,neutral,0.8,"I'm in Le Chambon-sur-Lignon. It's way up on a high plateau in the mountains. It's beautiful 
here. What a difference from Gurs! I'm staying at La Guespy, which is a home for refugee kids 
like me. Lots of the kids are Jewish, but not all of them. Hanne and the others I came with are all 
staying here, too. Monsieur Bohny is head of all three Swiss Aid homes for refugee kids in Le 
Chambon. The lady who is in charge of us here at La Guespy is named Mademoiselle Usach. 
She never smiles. What a grouch! None of us like her. 
So far I've learned a few words of French. I have a nice teacher. Most of us don't know French. 
A nice Austrian refugee named Elisabeth, who speaks perfect French, is helping us communicate 
with the people here.",688,"[23334, 23344]",4
Le Chambon,Le Chambon-sur-Lignon,45.06081,4.302941,neutral,0.78,"Friday, January 15, 1943 
We were told that we'll have to get out in two or three days. When I 
returned from Marseilles at noon, Mrs. B. told me that she received a telegram from Mr. 
Trocmé. He has a vacancy and expects me as soon as possible. Once again I am in 
luck. I quickly packed my suitcases so as to be able to leave early Saturday at 
7:20 a.m. At the same time, the thing from the UGIF [Union Générale des Israélites de 
France] arrived. 
Saturday, January 16, 1943 [ Le Chambon sur Lignon] 
I took leave, took the first streetcar at 6 a.m. and at 7:20 a.m. I left aboard the 
Marseilles to Paris express (travel, change train, bus, wrong [place?], 
Lavoulte bridge, telephone, fast train, Cheylard local train, St. Agrève). I arrived at 
St. Agrève at 11:49 p.m. The train did not go beyond there. 
Mr. Trocmé came on his bicycle to meet me (still a young man and very nice). 
Now we still had to cover fifteen kilometers through the snow and a moonlit night. 
We arrived at Les Grillons at 2:30 a.m. There we ate something warm and then I 
went to sleep in the annex (I only s",790,"[1001, 1012]",4
France,France,46.603354,1.888334,neutral,0.8,"When I 
returned from Marseilles at noon, Mrs. B. told me that she received a telegram from Mr. 
Trocmé. He has a vacancy and expects me as soon as possible. Once again I am in 
luck. I quickly packed my suitcases so as to be able to leave early Saturday at 
7:20 a.m. At the same time, the thing from the UGIF [Union Générale des Israélites de 
France] arrived. 
Saturday, January 16, 1943 [ Le Chambon sur Lignon] 
I took leave, took the first streetcar at 6 a.m. and at 7:20 a.m. I left aboard the 
Marseilles to Paris express (travel, change train, bus, wrong [place?], 
Lavoulte bridge, telephone, fast train, Cheylard local train, St. Agrève). I arrived at 
St. Agrève at 11:49 p.m.",480,"[33634, 33640]",4
Germany,Germany,51.165691,10.451526,sadness,0.89,"And France was the 
haven. I mean, they thought nothing could happen to them when they got to 
France. They didn't realize that they would be picked up there just as 
well as they could have been in Germany or in Hungary or in Romania or 
anywhere else. 
And they never talked the language. And they were, they were easy prey 
for the Germans because they themselves didn't have enough, enough 
knowledge of a language. And if they spoke the language a little, they 
had a terrible accent. So they were immediately denounced. 
And the children were usually left? 
Sometimes. Sometimes not, depending.",530,"[23625, 23632]",5
Vichy,Vichy,46.1264,3.4265,neutral,0.7,"His father [is] in [the French internment camp] Gurs.Later Mr. T. left for Vichy where 
he has [contacts] and his father was released in one week! 
Lucky! Lucky!",126,"[34097, 34102]",4
Gurs,Gurs internment camp,43.3167,-0.8,sadness,0.91,"I found an Austrian with whom I get along well 
and practice speaking German. His name is Kurt Grossmann. His mother disappeared like you. His father [is] in [the French internment camp] Gurs.Later Mr. T. left for Vichy where 
he has [contacts] and his father was released in one week! 
Lucky! Lucky!",308,"[2621, 2625]",5
Gurs,Gurs internment camp,43.3253,-0.731,sadness,0.93,I found an Austrian with whom I get along well and practice speaking German. His name is Kurt Grossmann. His mother disappeared like you. His father [is] in [the French internment camp] Gurs.Later Mr. T. left for Vichy where he has [contacts] and his father was released in one week! Lucky! Lucky!,295,"[23467, 23471]",5
France,France,46.603354,1.888334,neutral,0.7,"the thing from the UGIF [Union Générale des Israélites de France] arrived. 
Saturday, January 16, 1943 [ Le Chambon sur Lignon] 
I took leave, took the first streetcar at 6 a.m. and at 7:20 a.m. I left aboard the 
Marseilles to Paris express (travel, change train, bus, wrong [place?], 
Lavoulte bridge, telephone, fast train, Cheylard local train, St. Agrève). I arrived at 
St. Agrève at 11:49 p.m. The train did not go beyond there. 
Mr. Trocmé came on his bicycle to meet me (still a young man and very nice).",410,"[954, 960]",4
La Guespy,La Guespy,45.0647,4.2945,neutral,0.74,"I'm in Le Chambon-sur-Lignon. It's way up on a high plateau in the mountains. It's beautiful 
here. What a difference from Gurs! I'm staying at La Guespy, which is a home for refugee kids 
like me. Lots of the kids are Jewish, but not all of them. Hanne and the others I came with are all 
staying here, too. Monsieur Bohny is head of all three Swiss Aid homes for refugee kids in Le 
Chambon. The lady who is in charge of us here at La Guespy is named Mademoiselle Usach. 
She never smiles. What a grouch! None of us like her.",501,"[23974, 23984]",4
Le Chambon-sur-Lignon,Le Chambon-sur-Lignon,45.06081,4.302941,fear,0.95,"by late December, December 31, I was notified that I would be shipped 
off to another location. And I was put on a train. And on New Year's Eve, 
they explained to me that there would be fewer patrols and police out, 
checking people's, traveler's papers, identity papers. And I was told to 
get off at a place called Le Chambon-sur-Lignon. 
And I arrived at about 4 o'clock in the morning. 3:00, 3:00 or 4 o'clock 
in the morning. It was a bitter, cold night. And I was met there by a 
young man named Daniel Trocme, who then took me, and we had a very, very 
long walk through the night.",498,"[3285, 4506]",2
Le Puy,Le Puy-en-Velay,45.04366,3.88439,fear,0.97,"A minute ago, a boy got on the bus and handed me a piece of chocolate. Then he turned 
and left. I don't even know him, but he gave me his chocolate! 
They're starting the bus. They say they're taking us to Le Puy, which is where the Nazis are. I'm 
scared.",276,"[24359, 24366]",2
France,France,46.603354,1.888334,neutral,0.7,"At the same time, the thing from the UGIF [Union Générale des Israélites de France] arrived. 
Saturday, January 16, 1943 [ Le Chambon sur Lignon] 
I took leave, took the first streetcar at 6 a.m. and at 7:20 a.m. I left aboard the 
Marseilles to Paris express (travel, change train, bus, wrong [place?], 
Lavoulte bridge, telephone, fast train, Cheylard local train, St. Agrève). I arrived at 
St. Agrève at 11:49 p.m. The train did not go beyond there. 
Mr. Trocmé came on his bicycle to meet me (still a young man and very nice).",379,"[954, 960]",4
France,France,46.603354,1.888334,neutral,0.74,"from the UGIF [Union Générale des Israélites de 
France] arrived. 
Saturday, January 16, 1943 [ Le Chambon sur Lignon] 
I took leave, took the first streetcar at 6 a.m. and at 7:20 a.m. I left aboard the 
Marseilles to Paris express (travel, change train, bus, wrong [place?], 
Lavoulte bridge, telephone, fast train, Cheylard local train, St. Agrève). I arrived at 
St. Agrève at 11:49 p.m. The train did not go beyond there.",408,"[24136, 24142]",4
Le Chambon-sur-Lignon,Le Chambon-sur-Lignon,45.06081,4.302941,fear,0.94,"December 31, I was notified that I would be shipped 
off to another location. And I was put on a train. And on New Year's Eve, 
they explained to me that there would be fewer patrols and police out, 
checking people's, traveler's papers, identity papers. And I was told to 
get off at a place called Le Chambon-sur-Lignon. 
And I arrived at about 4 o'clock in the morning. 3:00, 3:00 or 4 o'clock 
in the morning. It was a bitter, cold night. And I was met there by a 
young man named Daniel Trocme, who then took me, and we had a very, very 
long walk through the night. And ultimately, I wound up in a, a stone 
farmhouse called Les Grillons, the crickets, French word for crickets. 
And there I found myself together with about 22 or 24 other kids, ranging 
in age from about six, seven, up to about 17 or 18, boys and girls.",680,"[3285, 4506]",2
LePuy-en-Velay,Le Puy-en-Velay,45.0437,3.8852,fear,0.91,"They're starting the bus. They say they're taking us to Le Puy, which is where the Nazis are. I'm 
scared.
Age 17, February 1943, LePuy-en-Velay, France 
The gendarmes have interrogated me and so have the Germans. I'm really lucky. For some 
reason, they've decided to let me go. But not Martin. There's nothing I can do.",346,"[24421, 24435]",2
La Guespy,La Guespy,45.06419,4.29986,neutral,0.83,"I'm staying at La Guespy, which is a home for refugee kids like me. Lots of the kids are Jewish, but not all of them. Hanne and the others I came with are all staying here, too. Monsieur Bohny is head of all three Swiss Aid homes for refugee kids in Le Chambon. The lady who is in charge of us here at La Guespy is named Mademoiselle Usach. She never smiles.",364,"[23237, 23247]",4
France,France,46.603354,1.888334,neutral,0.78,"At the same time, the thing from the UGIF [Union Générale des Israélites de France] arrived. 
Saturday, January 16, 1943 [ Le Chambon sur Lignon] 
I took leave, took the first streetcar at 6 a.m. and at 7:20 a.m. I left aboard the 
Marseilles to Paris express (travel, change train, bus, wrong [place?], 
Lavoulte bridge, telephone, fast train, Cheylard local train, St. Agrève).",295,"[26307, 26313]",4
Le Chambon,Le Chambon-sur-Lignon,45.06081,4.302941,neutral,0.7,"Friday, January 15, 1943 
We were told that we'll have to get out in two or three days. When I 
returned from Marseilles at noon, Mrs. B. told me that she received a telegram from Mr. 
Trocmé. He has a vacancy and expects me as soon as possible. Once again I am in 
luck. I quickly packed my suitcases so as to be able to leave early Saturday at 
7:20 a.m. At the same time, the thing from the UGIF [Union Générale des Israélites de 
France] arrived. 
Saturday, January 16, 1943 [ Le Chambon sur Lignon] 
I took leave, took the first streetcar at 6 a.m. and at 7:20 a.m. I left aboard the 
Marseilles to Paris express (travel, change train, bus, wrong [place?], 
Lavoulte bridge, telephone, fast train, Cheylard local train, St. Agrève). I arrived at 
St. Agrève at 11:49 p.m. The train did not go beyond there. 
Mr. Trocmé came on his bicycle to meet me (still a young man and very nice). 
Now we still had to cover fifteen kilometers through the snow and a moonlit night. 
We arrived at Les Grillons at 2:30 a.m. There we ate something warm and then I 
w ent to sleep in the annex (I only s",827,"[23916, 23927]",4
Le Chambon-sur-Lignon,Le Chambon-sur-Lignon,45.06081,4.302941,fear,0.97,"December 31, I was notified that I would be shipped 
off to another location. And I was put on a train. And on New Year's Eve, 
they explained to me that there would be fewer patrols and police out, 
checking people's, traveler's papers, identity papers. And I was told to 
get off at a place called Le Chambon-sur-Lignon. 
And I arrived at about 4 o'clock in the morning. 3:00, 3:00 or 4 o'clock 
in the morning. It was a bitter, cold night. And I was met there by a 
young man named Daniel Trocme, who then took me, and we had a very, very 
long walk through the night. And ultimately, I wound up in a, a stone 
farmhouse called Les Grillons, the crickets, French word for crickets.",521,"[23395, 23417]",2
Le Chambon-sur-Lignon,Le Chambon-sur-Lignon,45.06081,4.302941,fear,0.97,"they explained to me that there would be fewer patrols and police out, 
checking people's, traveler's papers, identity papers. And I was told to 
get off at a place called Le Chambon-sur-Lignon. 
And I arrived at about 4 o'clock in the morning. 3:00, 3:00 or 4 o'clock 
in the morning. It was a bitter, cold night. And I was met there by a 
young man named Daniel Trocme, who then took me, and we had a very, very 
long walk through the night. And ultimately, I wound up in a, a stone 
farmhouse called Les Grillons",471,"[3285, 3307]",2
England,England,52.3555177,-1.1743197,neutral,0.75,"de Gaulle, who left France, in, under the 
Nazis' eyes of the airport in Lyon, and went to England, and from England 
to Algiers.  And the, his wife was really special to me, because she was 
like a mother to me. And I used to visit her almost every day. And, so one, 
but before Mr. Philip, who was also a professor of economics of the 
University of Lyon, he came one night, and he, OK, had a big chariot with 
with two wheels, bicycle wheels on it, of potatoes, which was illegal to, 
to buy and hoard 'em in France.",419,"[33384, 33391]",4
France,France,46.603354,1.888334,neutral,0.75,"returned from Marseilles at noon, Mrs. B. told me that she received a telegram from Mr. 
Trocmé. He has a vacancy and expects me as soon as possible. Once again I am in 
luck. I quickly packed my suitcases so as to be able to leave early Saturday at 
7:20 a.m. At the same time, the thing from the UGIF [Union Générale des Israélites de 
France] arrived. 
Saturday, January 16, 1943 [ Le Chambon sur Lignon] 
I took leave, took the first streetcar at 6 a.m. and at 7:20 a.m. I left aboard the 
Marseilles to Paris express (travel, change train, bus, wrong [place?], 
Lavoulte bridge, telephone, fast train, Cheylard local train, St. Agrève). I arrived at 
St. Agrève at 11:49 p.m. The train did not go beyond there.",483,"[26563, 26569]",4
France,France,46.603354,1.888334,neutral,0.7,"When I returned from Marseilles at noon, Mrs. B. told me that she received a telegram from Mr. Trocmé. He has a vacancy and expects me as soon as possible. Once again I am in luck. I quickly packed my suitcases so as to be able to leave early Saturday at 7:20 a.m. At the same time, the thing from the UGIF [Union Générale des Israélites de France] arrived. Saturday, January 16, 1943 [ Le Chambon sur Lignon] I took leave, took the first streetcar at 6 a.m. and at 7:20 a.m. I left aboard the Marseilles to Paris express (travel, change train, bus, wrong [place?], Lavoulte bridge, telephone, fast train, Cheylard local train, St. Agrève). I arrived at St. Agrève at 11:49 p.m. The train did not go beyond there. Mr. Tro",600,"[205, 211]",4
Alsace-Lorraine,Alsace-Lorraine,48.25,7.25,neutral,0.81,"Madame Philip and I sat at his dining-room table and watched him make a French carte d'identite, identity card, and a Boy Scout identification card. He took the picture off my German identification card that had the big J for Jewish on it, and he put the photo on my new ID. He had to make sure that the swastika came off. My new name is Jacques Levet, and it says on my ID card that I was born in Alsace-Lorraine. That's close to the German border, so it might explain my German accent if I'm stopped.",496,"[26888, 26903]",4
France,France,46.603354,1.888334,neutral,0.6,"When I 
returned from Marseilles at noon, Mrs. B. told me that she received a telegram from Mr. 
Trocmé. He has a vacancy and expects me as soon as possible. Once again I am in 
luck. I quickly packed my suitcases so as to be able to leave early Saturday at 
7:20 a.m. At the same time, the thing from the UGIF [Union Générale des Israélites de 
France] arrived. 
Saturday, January 16, 1943 [ Le Chambon sur Lignon] 
I took leave, took the first streetcar at 6 a.m. and at 7:20 a.m. I left aboard the 
Marseilles to Paris express (travel, change train, bus, wrong [place?], 
Lavoulte bridge, telephone, fast train, Cheylard local train, St. Agrève). I arrived at 
St. Agrève at 11:49 p.m. The train did not go beyond there. 
Mr. Trocmé came on his bicycle to meet me (still a young man and very nice). 
Now we still had to cover fifteen kilometers through the snow and a moonlit night.",591,"[954, 960]",4
Switzerland,Switzerland,46.818188,8.227512,fear,0.97,"Now I have described the happenings from then, and my first flight to 
Switzerland over the mountains in a diary, and the consequent return by 
Swiss soldiers the same day that we arrived in Switzerland to France, and 
the arrest by the French customs officials, and eventually police, and 
returned to result. In 1941, in I think it was August. 
No. No. It was in November that we fled, to Switzerland. 
We crossed the Alps. It wasn't that simple.",423,"[26660, 26671]",2
Annecy,Annecy,45.899247,6.129384,neutral,0.72,"I'm not supposed to understand 
German, I'm supposed to be a French Boy Scout just sitting here on the train going to Annecy. 
So I'd better not laugh at their jokes, even though they're really funny. 
I left Le Chambon for Switzerland right after getting my false papers.",234,"[27090, 27096]",4
Algiers,Algiers,36.7538,3.0588,joy,0.82,"Her husband is fighting the Germans with de Gaulle in Algiers. 
Maybe she can help me get out of France. 
I WENT TO MADAME PHILIP and I said, ""I would like to go to Algiers. I want to join de 
Gaulle. I want to fight."" But she said, ""No, you're going to Switzerland!"" 
Switzerland is a neutral country in the war, so Jews are safe from the Nazis there. Madame Philip 
sent me to Pastor Theis, and he made me up some false papers.",408,"[26514, 26521]",3
Le Chambon,Le Chambon-sur-Lignon,45.06081,4.302941,neutral,0.0,,0,"[1001, 1011]",4
France,France,46.603354,1.888334,neutral,0.7,"returned from Marseilles at noon, Mrs. B. told me that she received a telegram from Mr. Trocmé. He has a vacancy and expects me as soon as possible. Once again I am in luck. I quickly packed my suitcases so as to be able to leave early Saturday at 7:20 a.m. At the same time, the thing from the UGIF [Union Générale des Israélites de France] arrived. Saturday, January 16, 1943 [ Le Chambon sur Lignon] I took leave, took the first streetcar at 6 a.m. and at 7:20 a.m. I left aboard the Marseilles to Paris express (travel, change train, bus, wrong [place?], Lavoulte bridge, telephone, fast train, Cheylard local train, St. Agrève).",576,"[954, 960]",4
LePuy-en-Velay,Le Puy-en-Velay,45.04486,3.88587,fear,0.88,"They're starting the bus. They say they're taking us to Le Puy, which is where the Nazis are. I'm 
scared.
Age 17, February 1943, LePuy-en-Velay, France 
The gendarmes have interrogated me and so have the Germans. I'm really lucky. For some 
reason, they've decided to let me go. But not Martin. There's nothing I can do.",335,"[26169, 26184]",2
Le Chambon,Le Chambon-sur-Lignon,45.06081,4.302941,neutral,0.7,"Saturday, January 16, 1943 [ Le Chambon sur Lignon] 
I took leave, took the first streetcar at 6 a.m. and at 7:20 a.m. I left aboard the 
Marseilles to Paris express (travel, change train, bus, wrong [place?], 
Lavoulte bridge, telephone, fast train, Cheylard local train, St. Agrève). I arrived at 
St. Agrève at 11:49 p.m. The train did not go beyond there. 
Mr. Trocmé came on his bicycle to meet me (still a young man and very nice). 
Now we still had to cover fifteen kilometers through the snow and a moonlit night. 
We arrived at Les Grillons at 2:30 a.m. There we ate something warm and then I 
went to sleep in the annex (I only s",541,"[27134, 27145]",4
Valence,"Valence, Drôme, Auvergne-Rhône-Alpes, France",44.9333,4.8924,fear,0.94,"Jean-Pierre, Pastor Trocme's 
son, and Marco Darcissac, the son of the schoolmaster, took me by bicycle all the way down the 
mountains to Valence, seventy kilometers! I was scared stiff! I had never gone down such steep 
mountains before on a bike. 
They left me with a lady in Valence. She took me to her brother, who was a pastor. I stayed for 
the whole weekend, and I even went to church with them!",377,"[27418, 27425]",2
Switzerland,Switzerland,46.818188,8.227512,fear,0.94,"Now I have described the happenings from then, and my first flight to 
Switzerland over the mountains in a diary, and the consequent return by 
Swiss soldiers the same day that we arrived in Switzerland to France, and 
the arrest by the French customs officials, and eventually police, and 
returned to result. In 1941, in I think it was August. 
No. No. It was in November that we fled, to Switzerland. 
We crossed the Alps. It wasn't that simple.",534,"[26742, 26753]",2
Algiers,Algiers,36.7538,3.0588,neutral,0.77,"Tomorrow I'm going to Madame Philip. I love her and admire her so much, and she's always 
been so kind to me. Her husband is fighting the Germans with de Gaulle in Algiers. 
Maybe she can help me get out of France. 
I WENT TO MADAME PHILIP and I said, ""I would like to go to Algiers. I want to join de 
Gaulle. I want to fight."" But she said, ""No, you're going to Switzerland!"" 
Switzerland is a neutral country in the war, so Jews are safe from the Nazis there.",413,"[26610, 26617]",4
Annecy,Annecy,45.899247,6.129384,joy,0.85,"I'm trying so hard not to laugh. I can't even smile, because then the German soldiers sitting on 
the train all around me will realize that I understand their jokes. I'm not supposed to understand 
German, I'm supposed to be a French Boy Scout just sitting here on the train going to Annecy. 
So I'd better not laugh at their jokes, even though they're really funny.",375,"[27690, 27696]",3
France,France,46.603354,1.888334,neutral,0.7,"At the same time, the thing from the UGIF [Union Générale des Israélites de France] arrived. 
Saturday, January 16, 1943 [ Le Chambon sur Lignon] 
I took leave, took the first streetcar at 6 a.m. and at 7:20 a.m. I left aboard the 
Marseilles to Paris express (travel, change train, bus, wrong [place?], 
Lavoulte bridge, telephone, fast train, Cheylard local train, St. Agrève).",412,"[26958, 26964]",4
Camp de Gurs,Camp de Gurs,43.316667,-0.816667,neutral,0.68,"in the camp, in Camp de Gurs, it was, it 
didn't really matter. So in, sometime in September of 1942, a woman came 
to see my parents. We visited, my mother came over to visit us. And we 
were told that somebody is coming from the OSE. I don't know if you heard 
about the OSE, which is Oeuvre de Secour aux Enfants. And she asked 
several people if they would like to send that, one of their children, 
if the child is young enough, to send them somewhere where they would be 
safe. And my mother and father said, I think we should. And I said I don't 
want to go out without my brother. And they said, oh, no. You gonna go. So",477,"[28058, 28070]",4
Switzerland,Switzerland,46.8182,8.2275,fear,0.93,"Now I have described the happenings from then, and my first flight to 
Switzerland over the mountains in a diary, and the consequent return by 
Swiss soldiers the same day that we arrived in Switzerland to France, and 
the arrest by the French customs officials, and eventually police, and 
returned to result. In 1941, in I think it was August. 
No. No. It was in November that we fled, to Switzerland. 
We crossed the Alps.",465,"[27720, 27731]",2
Le Chambon,Le Chambon-sur-Lignon,45.06081,4.302941,neutral,0.74,"Friday, January 15, 1943 
We were told that we'll have to get out in two or three days. When I 
returned from Marseilles at noon, Mrs. B. told me that she received a telegram from Mr. 
Trocmé. He has a vacancy and expects me as soon as possible. Once again I am in 
luck. I quickly packed my suitcases so as to be able to leave early Saturday at 
7:20 a.m. At the same time, the thing from the UGIF [Union Générale des Israélites de 
France] arrived. 
Saturday, January 16, 1943 [ Le Chambon sur Lignon] 
I took leave, took the first streetcar at 6 a.m. and at 7:20 a.m. I left aboard the 
Marseilles to Paris express (travel, change train, bus, wrong [place?], 
Lavoulte bridge, telephone, fast train, Cheylard local train, St. Agrève). I arrived at 
St. Agrève at 11:49 p.m. The train did not go beyond there.",512,"[1001, 2211]",4
Switzerland,Switzerland,46.7985624,8.2319736,fear,0.92,"already in July the French 
started collecting all the Jews for deportation to the either Drancy or 
to the east. And we were affected in Chambon. 
Now I have described the happenings from then, and my first flight to 
Switzerland over the mountains in a diary, and the consequent return by 
Swiss soldiers the same day that we arrived in Switzerland to France, and 
the arrest by the French customs officials, and eventually police, and 
returned to result. In 1941, in I think it was August. 
No. No. It was in November that we fled, to Switzerland. 
We crossed the Alps. It wasn't that simple. We were hidden for a while in 
Chambon, and surrounding with mostly Protestant farmers, or, you know, 
summer resident people. So it must have been summer, because it was summer 
residents were there.",661,"[27160, 27171]",2
France,France,46.603354,1.888334,neutral,0.0,"returned from Marseilles at noon, Mrs. B. told me that she received a telegram from Mr. 
Trocmé. He has a vacancy and expects me as soon as possible. Once again I am in 
luck. I quickly packed my suitcases so as to be able to leave early Saturday at 
7:20 a.m. At the same time, the thing from the UGIF [Union Générale des Israélites de 
France] arrived. 
Saturday, January 16, 1943 [ Le Chambon sur Lignon] 
I took leave, took the first streetcar at 6 a.m. and at 7:20 a.m. I left aboard the 
Marseilles to Paris express (travel, change train, bus, wrong [place?], 
Lavoulte bridge, telephone, fast train, Cheylard local train, St. Agrève). I arrived at 
St. Agrève at 11:49 p.m. The train did not go beyond there. 
Mr. Trocmé came on his bicycle to meet me (still a young man and very nice). 
Now we still had to cover fifteen kilometers through the snow and a moonlit night. 
We arrived at Les Grillons at 2:30 a.m. There we ate something wa",613,"[954, 2160]",4
Le Chambon,Le Chambon-sur-Lignon,45.06081,4.302941,neutral,0.5,"Saturday, January 16, 1943 [ Le Chambon sur Lignon] 
I took leave, took the first streetcar at 6 a.m. and at 7:20 a.m. I left aboard the 
Marseilles to Paris express (travel, change train, bus, wrong [place?], 
Lavoulte bridge, telephone, fast train, Cheylard local train, St. Agrève). I arrived at 
St. Agrève at 11:49 p.m. The train did not go beyond there. 
Mr. Trocmé came on his bicycle to meet me (still a young man and very nice). 
Now we still had to cover fifteen kilometers through the snow and a moonlit night. 
We arrived at Les Grillons at 2:30 a.m. There we ate something warm and then I 
went to sleep in the annex (I only s",591,"[1001, 2211]",4
Valence,"Valence, Drôme, Auvergne-Rhône-Alpes, France",44.933393,4.89236,fear,0.94,"Jean-Pierre, Pastor Trocme's 
son, and Marco Darcissac, the son of the schoolmaster, took me by bicycle all the way down the 
mountains to Valence, seventy kilometers! I was scared stiff! I had never gone down such steep 
mountains before on a bike. 
They left me with a lady in Valence. She took me to her brother, who was a pastor. I stayed for 
the whole weekend, and I even went to church with them! On Monday, another pastor came and 
we got on the train for Annecy, which is close to Switzerland. 
The train is stopping. I reach up for my knapsack, and one of the German soldiers helps me with 
it! If he only knew who I really was!",489,"[27587, 27594]",2
