other_French_Locations,LAT,LON,ALT,Context,label,score,label_numeric
camp de Gurs,43.27376,-0.74031,186,". Et nous étions tout à fait informés 
de ce qui se passait et nous avions la conscience de l'évolution de la 
guerre. Je voudrais à ce sujet vous raconter deux faits qui m'ont marqué.

Août 1942, la déportation des juifs du camp de Gurs. Nous l'avons su 
immédiatement. Le Chambon-sur-Lignon et tous les enfants juifs qui 
avaient encore des parents à Gurs, et même ceux qui n'en avaient pas, je 
me souviens, autour de moi, c'était comme une ruche d'abeilles.
",sad,0.8595706820487976,5
camp de Gurs,43.27376,-0.74031,186,"r-Lignon, et c'est quelque chose que je 
n'oublierai jamais, il a eu un mot très malheureux pour les enfants. Il a 
dit à mes petits amis, à mes petits camarades d'origine allemande qui 
étaient affolés par la déportation du camp de Gurs, sans qu'on sache 
exactement qu'il s'agissait de la Shoah, mais qu'on pressentait le 
danger. Il a dit, messieurs, mesdemoiselles, gardez votre sérénité.

Ça m'a paru quelque chose de... Kafkaïen. La sérénité, c'est un mot ",sad,0.9864874482154846,5
camp de Gurs,43.27376,-0.74031,186,"it aussi, donc, au même endroit, ce même village de 
Tence, il n'y a plus de canton, qu'il y avait un camp où se trouvaient 
des réfugiés juifs, pas des réfugiés, des réfugiés juifs allemands, qui 
avaient été envoyés par le camp de Gurs pour se refaire une santé.

Et en général, c'était des Juifs allemands qui étaient des vieilles 
personnes qui se sont retrouvées dans cet endroit. Et c'était un lieu-là 
qui s'appelait La Papeterie. Et ce camp, je crois, a ",neutral,0.6697468757629395,4
Drancy,48.92583,2.44528,47,"agiste. Un garagiste qui s'appelait 
monsieur Exbraia.

Et maman lui a dit est-ce que vous pourriez aller à Paris, puisque vous 
n'êtes pas contrôlé en tant que juif, est-ce que vous pourriez aller à 
Paris porter un colis à Drancy, à mon mari et ce monsieur très gentiment. 
Il était charbonnier de son métier et garagiste. Donc il voyageait pas 
mal et il s'est chargé d'un énorme colis.

Il n'a pas pu voir mon père et mon frère mais il a pu leur porter",neutral,0.9640871286392212,4
Drancy,48.92583,2.44528,47,"i les ont emmenés au Puy par la suite j'ai pu savoir que ces deux 
frères avaient pu s'évader et en plus ils avaient pu faire la preuve que 
leur mère n'était pas juive ce qui fait qu'ils n'ont pas été envoyés 
directement à Drancy mais qu'ils avaient été d'abord emprisonnés au Puy 
ensuite il y avait un monsieur aussi qui était là qui s'appelait Reis qui 
était originaire de Nuremberg sa femme c'était une chrétienne une blonde 
on voyait tout de suite",neutral,0.8743290305137634,4
Dunière,44.82313,4.65988,151,"lors, en tout cas de Saint-Étienne, oui, on y accédait. C'est 
extraordinaire que tu poses la question. Parce qu'il y a un personnage 
important qui était le train.

Donc, on prenait la ligne normale de Saint-Étienne jusqu'à Dunière, une 
petite ville, Dunière. Et là, on changeait à Dunière. Et on prenait un 
train, si on appelle ça un train, petite ligne de campagne, qui 
rejoignait Dunière à.

Il allait jusqu'à Saint-André, je crois. Bon, combien de t",neutral,0.9597028493881226,4
Dunière,44.82313,4.65988,151,"tienne, oui, on y accédait. C'est 
extraordinaire que tu poses la question. Parce qu'il y a un personnage 
important qui était le train.

Donc, on prenait la ligne normale de Saint-Étienne jusqu'à Dunière, une 
petite ville, Dunière. Et là, on changeait à Dunière. Et on prenait un 
train, si on appelle ça un train, petite ligne de campagne, qui 
rejoignait Dunière à.

Il allait jusqu'à Saint-André, je crois. Bon, combien de temps ça durait, 
je ne sais ",neutral,0.9377532601356506,4
Dunière,44.82313,4.65988,151,"st 
extraordinaire que tu poses la question. Parce qu'il y a un personnage 
important qui était le train.

Donc, on prenait la ligne normale de Saint-Étienne jusqu'à Dunière, une 
petite ville, Dunière. Et là, on changeait à Dunière. Et on prenait un 
train, si on appelle ça un train, petite ligne de campagne, qui 
rejoignait Dunière à.

Il allait jusqu'à Saint-André, je crois. Bon, combien de temps ça durait, 
je ne sais plus. Ça pouvait durer 2 heures",neutral,0.97505784,4
Dunière,44.82313,4.65988,151,"n.

Donc, on prenait la ligne normale de Saint-Étienne jusqu'à Dunière, une 
petite ville, Dunière. Et là, on changeait à Dunière. Et on prenait un 
train, si on appelle ça un train, petite ligne de campagne, qui 
rejoignait Dunière à.

Il allait jusqu'à Saint-André, je crois. Bon, combien de temps ça durait, 
je ne sais plus. Ça pouvait durer 2 heures ou 3 jours, parce que c'est un 
train qui brinc-balait, qui n'avait plus de vitre.

C'est le vieux tra",neutral,0.8387588858604431,4
Etienne,45.43389,4.39,529,"uifs qui étaient persécutés. Très vite, 
les juifs sont arrivés, ça s'est su de bouche à oreille.

C'est comme ça que je me suis retrouvé en Noël, je m'en souviens très 
bien. Je suis monté avec ma mère, en passant par Saint-Etienne, en 
changeant de train, parce que les transports étaient très lents, très 
inconfortables. Nous avons passé la nuit dans une chambre, dans un hôtel 
du Chambon-sur-Lignon.

Et le lendemain, ma mère m'a amené chez une instit",sad,0.629909873,5
Etienne,45.43389,4.39,529,"c, il a arrêté de faire caca au lit, parce qu'il savait que j'allais 
venir le dimanche lui donner une fessée, je pense que par la suite, ça a 
dû tourner dans sa tête.


﻿Mon nom est donc Serge Nelken, et je suis né à Saint-Etienne, le 4 juin 
1924.

Et puis, ce qui a eu une importance après pour notre destinée, à partir 
de 1937, nous sommes allés en vacances dans des villages de Haute-Loire. 
Le premier village était Montfaucon, et puis en 1938, un a",neutral,0.9289391040802002,4
Etienne,45.43389,4.39,529,"s un dimanche où 
nous nous promenions dans notre village. Nous avons rencontré, enfin mon 
père a rencontré sa petite cousine qui était venue en vélo avec son mari 
et puis sa belle-soeur plus un ami.

Ils venaient de Saint-Etienne pour passer le dimanche sur place. Donc 
nous nous avons rencontré et quand la situation est devenue difficile 
pour les juifs en ville donc la petite cousine de mon père est venue 
aussi résider avec nous dans cet endroit, ",neutral,0.9585778713226318,4
Etienne,45.43389,4.39,529,"n ce bâton sur nos épaules et le pain se trouvant ce qui 
nous est aussi arrivé donc c'est que cette gouvernante qui était chez 
nous eu beaucoup de problèmes de santé elle avait été opérée d'abord une 
première fois à Saint-Etienne une deuxième fois elle était opérée à Lyon 
puis finalement elle est revenue dans un état épouvantable et ce qui fait 
qu'on a logé donc elle est venue loger chez nous avec nous parce qu'elle 
pouvait plus s'occuper de ma so",sad,0.9706374406814575,5
Etienne,45.43389,4.39,529,"la route du Chambon-sur-Lignon 
donc de là où nous étions on avait une vue complète sur cette route j'ai 
vu passer les troupes en défilé constant qui descendait en direction de 
Tence et ensuite après ils allaient sur Saint-Etienne et Riom et pour 
nous je dirais c'était un soulagement et c'était un soulagement je dirais 
à plus d'un titre parce que plusieurs fois nous avons eu des alertes dans 
ce petit hameau où nous étions. Une fois on était venu no",fear,0.4665273129940033,2
Etienne,45.43389,4.39,529,"er d'obtenir quelque chose 
parce que à l'époque les paysans c'était des gens très gâtés comme il 
fallait des tickets d'alimentation pour tout ce qu'on voulait manger et 
les gens des villes venaient aussi des gens de Saint-Etienne les gens de 
Lyon venaient s'approvisionner sur place et en général ils faisaient ce 
qu'on appelle du troc ils apportaient des objets et quand il y avait des 
gens qui travaillaient dans des usines ils apportaient des produ",neutral,0.9733638167381287,4
Etienne,45.43389,4.39,529,"ne circulait pas tout le temps, 
qui circulait une fois le matin, une fois le soir.

Et les horaires, ce n'étaient pas des horaires très fixes, parce qu'il y 
avait une délimination qui était considérable, il allait de Saint-Etienne 
jusqu'à un endroit qui s'appelle Lamastre, et donc il fallait attendre 
qu'il passe. Et mon frère, qui était né au mois de février, donc devait 
faire sa bar mitzvah aux environs du mois de février. Et pour son 
apprentissa",neutral,0.9607642889022827,4
Etienne,45.43389,4.39,529,"contre les autres.

Et donc, il allait revendre en même temps que cette lingerie. Voilà, donc 
moyen de subsistance. Et puis donc, il allait travailler d'autres gens.

Et ensuite, il avait trouvé, acheté de la pluche à Saint-Etienne. Et il a 
commencé à faire des petits animaux en pluche aussi. 

Il y a une autre personne dont sa mère est morte sur place. Il y avait eu 
plusieurs juifs comme ça qui sont morts sur place pendant la guerre. Et à 
l'époque,",neutral,0.7158707976341248,4
Etienne,45.43389,4.39,529," aussi quelque chose qui m'a beaucoup marqué, quelque 
chose de complètement imbécile, et surtout je dirais de la part d'un 
juif, ou d'une juive en l'occurrence. Bon, ça c'était ce qui s'est passé 
sur place. 

﻿Mon nom est Etienne Weil, je suis né le 1er février 1937 à Lille dans le 
nord.

Donc il fallait nous éloigner, en tout cas mon frère et moi, nous 
éloigner à nouveau de Saint-Etienne. Or, c'est dans ce jardin d'enfants 
qui était tenu par une ",sad,0.935153067,5
Etienne,45.43389,4.39,529,"on, ça c'était ce qui s'est passé 
sur place. 

﻿Mon nom est Etienne Weil, je suis né le 1er février 1937 à Lille dans le 
nord.

Donc il fallait nous éloigner, en tout cas mon frère et moi, nous 
éloigner à nouveau de Saint-Etienne. Or, c'est dans ce jardin d'enfants 
qui était tenu par une association qui s'appelait L'Aide aux Mères, M-E-
R-E-S, que ma mère a entendu parler du Chambon-sur-Lignon, en 1942, d'un 
village qui était à 60 kilomètres de Sai",neutral,0.8290784358978271,4
Etienne,45.43389,4.39,529,"r, c'est dans ce jardin d'enfants 
qui était tenu par une association qui s'appelait L'Aide aux Mères, M-E-
R-E-S, que ma mère a entendu parler du Chambon-sur-Lignon, en 1942, d'un 
village qui était à 60 kilomètres de Saint-Etienne.

Et je sais que mon père est allé en franc-tireur, a fait un voyage au 
Chambon-sur-Lignon pour voir ce que c'était, trouver des correspondants. 
Et il est revenu absolument emballé, étourdi par ce voyage, parce qu'il 
est ",joy,0.9930227994918823,3
Étienne,45.43389,4.39,529,"e. Et j'avais monsieur Schmitt, qui a été 
bibliothécaire à la Bibliothèque nationale de Paris. Donc une élite 
intellectuelle protestante était au Chambon-sur-Lignon.

Je savais déjà que ma mère s'est trouvée près de Sainte-Étienne. Pourquoi? 
Parce qu'on l'avait libérée du camp des Gurs.

Et par petite étape, elle s'approchait du Chambon-sur-Lignon, en faisant 
le métier de femme de ménage ou de bonnete ouverte. Et c'est nous, mon 
frère et moi, qui n",neutral,0.976935625,4
Étienne,45.43389,4.39,529,"e, elle s'approchait du Chambon-sur-Lignon, en faisant 
le métier de femme de ménage ou de bonnete ouverte. Et c'est nous, mon 
frère et moi, qui nous sommes allés l'hiver 1942, la voir là où elle se 
trouvait près de Sainte-Étienne. Et là, nous avons décidé qu'elle allait 
nous rejoindre au Chambon-sur-Lignon.

Et je voudrais vous parler que nous étions suffisamment informés, mais 
mal informés, car ma mère a réussi à établir un contact via Lausanne, 
",neutral,0.9866877198219299,4
Étienne,45.43389,4.39,529,"
faux papiers, des.

Non, ce n'était pas tellement avec les éclaireurs, c'était avec un groupe 
qui se trouvait là. J'étais toujours en contact avec les éclaireurs, du 
fait que, si vous voulez, je les rencontrais ou à Saint-Étienne, ou à 
d'autres endroits, ou au Puy, ou à d'autres endroits, mais pas au 
Chambon-sur-Lignon même.

Et puis je n'étais plus sous le nom de Kalimovitsky, j'étais sous le nom 
de Jean-Charles Pierron, à l'époque.

J'avais chan",neutral,0.9790641665458679,4
Étienne,45.43389,4.39,529,"semaines plus tard, mes 
parents m'ont mis en sûreté en premier. Comme j'étais le plus jeune, 
c'est moi qu'on a caché en premier.

Alors, j'ai été caché au Chambon-sur-Lignon, qui est un petit village 
situé au sud de Saint-Étienne, dans le massif central. C'est un petit 
village qui a la chance d'être un peu à l'écart de tout centre industriel 
et des grandes routes, donc bien isolé. Et c'est un village qui est 
habité par une communauté protestante.
",neutral,0.9711324572563171,4
Étienne,45.43389,4.39,529,"site 
de son bureau.

C'était dangereux pour Les Sèches qui m'hébergeaient. C'était dangereux 
pour moi. Mais ça, c'était Le Forestier.

Et c'était tellement vrai que Le Forestier, un jour, est parti avec sa 
voiture à Saint-Étienne, ou ailleurs, je ne sais plus très bien, qui 
s'est fait arrêter par... et qui l'a pris en stop, des gens. C'étaient 
des résistants.

Ils se sont fait arrêter par une patrouille allemande un peu plus loin. 
Les résistants é",sad,0.3943939805030823,5
Étienne,45.43389,4.39,529,"re qu'éventuellement, nous pouvions y aller pour 
les vacances de Pâque, par exemple. Ils n'avaient pas d'automobile, nous 
montions par le train, ou nous montions à bicyclette, ou par un autocar.

Et nous avons quitté Saint-Étienne. Nous n'avons pas vu les allemands 
arriver à Saint-Étienne en 1940. Et nous sommes partis dans l'appartement 
que nous avions loué à l'année à Tence.

Donc toute la famille est partie là-bas.

Alors, Tence se trouve, en Hau",neutral,0.9702207446098328,4
Étienne,45.43389,4.39,529,"es de Pâque, par exemple. Ils n'avaient pas d'automobile, nous 
montions par le train, ou nous montions à bicyclette, ou par un autocar.

Et nous avons quitté Saint-Étienne. Nous n'avons pas vu les allemands 
arriver à Saint-Étienne en 1940. Et nous sommes partis dans l'appartement 
que nous avions loué à l'année à Tence.

Donc toute la famille est partie là-bas.

Alors, Tence se trouve, en Haute-Loire, à proximité d'Yssingeaux, qui est 
une sous-préfec",neutral,0.9664226770401001,4
Étienne,45.43389,4.39,529,"s je suis parti en vacances et toujours en revoir, à Tence, 
toujours à Tence, retrouvant toujours tous mes amis et puis je suis 
redescendu au début de l'année scolaire.

Voilà comment nous avons quitté, en mars 1943, Saint-Étienne, pour 
regagner, toujours, notre petit logement de vacances à Tence, où toute la 
famille s'est installée, sauf moi, parce que, quelques mois avant, nous 
avions une domestique, nous avions eu, avant la guerre de 1939, une 
",neutral,0.5556832551956177,4
Étienne,45.43389,4.39,529,"arce que, quelques mois avant, nous 
avions une domestique, nous avions eu, avant la guerre de 1939, une 
domestique protestante, dont les parents avaient une ferme en Haute-
Loire, et cette jeune femme est descendue à Saint-Étienne, et nous a dit, 
les dangers sont là, donc, les gens étaient conscients, dans ce moment, 
des dangers, et si vous arrive n'importe quoi, la ferme de mes parents 
vous est ouverte. Et donc, mes parents ont gagné le petit appa",neutral,0.8067762851715088,4
Étienne,45.43389,4.39,529,".  Mon nom, dans la Résistance, était Serge Naudet. Naudet, 
ça correspond à des mouchoirs, donc, j'avais une fausse carte d'été, qui 
cette fois-ci n'était plus marquée du nom de juif, qui émanait de la 
préfecture de Saint-Étienne, par je ne sais quel mécanisme, mais ma carte 
m'avait été remise par la Résistance.

Mes parents, eux, avaient, après, en obtenu aussi de la Résistance, sans 
le croire, obtenu une fausse carte, mais autrement, là, ils avai",neutral,0.721700132,4
Étienne,45.43389,4.39,529,"a y est, j'ai retrouvé le contact. J'ai 
dit, merveilleux, et je suis immédiatement reparti à bicyclette au 
Chambon-sur-Lignon, trouver Léon Eyraud, et à dire, monsieur, moi, 
maintenant, j'ai été dans la résistance à Saint-Étienne, mais maintenant, 
je veux une arme, je veux pouvoir me défendre. Et Léon Eyraud m'a dit, 
écoute, mon petit, pour l'instant, on n'a rien.

On n'a pas d'argent, on n'a pas de nourriture, on n'a pas d'armes, on n'a 
rien. Alo",sad,0.577349067,5
Étienne,45.43389,4.39,529,"onc, je ne m'occupais pas.

Par contre, d'autres camarades ont attaqué la gendarmerie et ont fait 
prisonner les gendarmes. Et puis, nous avions mis, quand nous sommes 
arrivés à Montfaucon, où il y a une route directe Saint-Étienne à le Puy, 
on nous a dit, attention, les Allemands vont arriver. On a prévenu qu'une 
colonne allait passer.

Alors, on a mis deux sentinelles au carrefour, sur la route de Saint-
Étienne à le Puy. Et puis, on est repartis, ",anger,0.47556984424591064,0
Étienne,45.43389,4.39,529,"n, où il y a une route directe Saint-Étienne à le Puy, 
on nous a dit, attention, les Allemands vont arriver. On a prévenu qu'une 
colonne allait passer.

Alors, on a mis deux sentinelles au carrefour, sur la route de Saint-
Étienne à le Puy. Et puis, on est repartis, ayant chargé nos gendarmes, 
on part. On fait quatre kilomètres, et nos chefs disent, nom d'un chien, 
on a oublié nos sentinelles.

Alors, on est repartis en marche arrière. Heureusement,",sad,0.3404790461063385,5
Étienne,45.43389,4.39,529,"é, le 1er septembre, sont arrivés les blindés alliés, 
mais quand les blindés sont arrivés, la résistance française avait 
complètement libéré la route de l'intérieur, la route des Cévennes, 
depuis Nîmes jusqu'à Lyon. Saint-Étienne était libéré aussi. Il s'est 
passé, d'ailleurs, des exactions à Saint-Étienne avec des groupes plus ou 
moins incontrôlés, mais tout était libéré par conséquent.

de ce paysan qui m'a ouvert sa ferme, il savait qu'il pouvai",neutral,0.9739075899124146,4
Étienne,45.43389,4.39,529,"ont arrivés, la résistance française avait 
complètement libéré la route de l'intérieur, la route des Cévennes, 
depuis Nîmes jusqu'à Lyon. Saint-Étienne était libéré aussi. Il s'est 
passé, d'ailleurs, des exactions à Saint-Étienne avec des groupes plus ou 
moins incontrôlés, mais tout était libéré par conséquent.

de ce paysan qui m'a ouvert sa ferme, il savait qu'il pouvait être 
exécuté par les Allemands si jamais je t'ai capturé. Il y a eu une chos",neutral,0.8124298453330994,4
Étienne,45.43389,4.39,529,"en 1929, au Chambon-sur-Lignon. Ah ! Je suis la seule de la 
famille. Oui.

Mes parents y ont installé une maison de vacances. Et puis, ma maman, je 
suis née, avant que maman ait eu le temps de redescendre en ville à 
Saint-Étienne.

Voilà. Donc, je suis née au Chambon-sur-Lignon.

Ah ! Alors, mes parents y étaient montés pour sortir de la ville, en 
villégiature. Ça s'appelle en villégiature.

Voilà. Et puis, je suis née avant que maman ait eu le temp",neutral,0.923226535,4
Étienne,45.43389,4.39,529,"che, mon père repartait en camionnette. Avec une camionnette. 
Il y avait des bancs derrière, dans la camionnette.

Et il y avait un tas de gens qui venaient sur la terrasse de mes parents 
pour partir en camionnette à Saint-Étienne pour redescendre en ville. 
Alors ça, c'est un souvenir très présent. Alors on voyait des tas de 
gens, on ne savait pas qui c'était.

Il ne fallait rien dire, il ne fallait pas, On n'avait rien vu. Il 
fallait continuer de ",sad,0.7724393606185913,5
Étienne,45.43389,4.39,529," fallait rien dire, il ne fallait pas, On n'avait rien vu. Il 
fallait continuer de jouer, nous.

Alors là, les dimanches après-midi, il y avait moins de.

Sur les routes, ils n'étaient pas arrêtés. Ils rentraient sur Saint-
Étienne. Dans l'après-midi, oui, ils partaient vers 5h de l'après-midi.

Alors certains arrivaient à 4h pour être sûrs de partir. Tous des gens 
que mes parents connaissaient. Oui, des Stéphanois.

Et tout ça. Pas un mot sur tout ça",sad,0.795860231,5
Étienne,45.43389,4.39,529,"out ça, il ne fallait rien dire. C'était la 
loi.

Pas toute la guerre, parce qu'après, il y avait. Mon père se cachait. Mon 
père s'est caché à partir d'octobre 1943.

Tout a changé. Ma tante a été déportée. Arrêtée à Saint-Étienne, 
déportée.

Et mon père s'est caché. Nous on était au Chambon-sur-Lignon et ma tante 
était à Saint-Étienne.

Alors là, dans la famille, ça a été. Nos cœurs s'arrêtaient de battre. 
C'est curieux, hein ?

Vous jouez. Allez,",sad,0.9285074472427368,5
Étienne,45.43389,4.39,529,"se cachait. Mon 
père s'est caché à partir d'octobre 1943.

Tout a changé. Ma tante a été déportée. Arrêtée à Saint-Étienne, 
déportée.

Et mon père s'est caché. Nous on était au Chambon-sur-Lignon et ma tante 
était à Saint-Étienne.

Alors là, dans la famille, ça a été. Nos cœurs s'arrêtaient de battre. 
C'est curieux, hein ?

Vous jouez. Allez, continuez de jouer.

Mon père s'est caché. Ah oui, une grande période. D'octobre 1943 à 
septembre 1944.

Pa",sad,0.7795594334602356,5
Étienne,45.43389,4.39,529," qu'il n'y ait 
plus d'Allemands nulle part.

Cet été, là, chez nous. Mais les autres années, il s'était caché. Il 
était caché dans la haute-loire, chez un paysan, dans la forêt.

Et justement, quand il est arrivé de Sainte-Étienne, en camionnette, mais 
tout seul. Un jour complètement inhabituel. Et de très loin, on était 
dehors.

On a entendu, nous enfants, on a entendu la camionnette arriver. De loin. 
Vite.

On s'est dit, il y a quelque chose. Mon",surprise,0.7175096273422241,6
Étienne,45.43389,4.39,529," passait 
comme.

Mais pas beaucoup dans la campagne quand même. Mais il fallait toujours 
se méfier. Dans le mot d'ordre, tu pédales. Oui.

C'est-à-dire que les classes terminaient tôt. Toutes les classes, on 
était à Saint-Étienne. Oui.

Mais en été, pour les vacances. On passait le mois de juin, pratiquement, 
au Chambon-sur-Lignon. 

Vous êtes allé au Chambon-sur-Lignon pour éviter le bombardement.

Beaucoup, beaucoup.

Maman et nous, nous étions be",neutral,0.9665731191635132,4
Étienne,45.43389,4.39,529,"naient pas chez nous. Qui étaient. Qui 
venaient de la ville, qui se cachaient.

Et elle, pour nous, ça a été notre porte ouverte sur le monde. Parce 
qu'elle, pour la Cimade, justement. Pour protéger des familles de Sainte-
Étienne qui ne pouvaient pas monter, qui ne pouvaient pas partir. Il 
fallait leur trouver un logement au Chambon-sur-Lignon.

Il fallait. Il lui fallait de l'argent. Un peu d'argent.

Et nous, avec les babay. Ça, là, ça faisait du ",neutral,0.489867628,4
Étienne,45.43389,4.39,529,"beaucoup la résistance, et n'étaient pas 
ennemis des Juifs, au contraire, ils ont beaucoup caché les Juifs, ils 
ont beaucoup aidé à la sauvegarde des Juifs.

C'est donc en Haute-Loire, près du Massif Central, près de Saint-Étienne. 
C'est en France, dans les montagnes.

J'ai d'ailleurs quelques photos de cet endroit, si vous voulez les voir 
maintenant, ou tout à l'heure. Donc, à Chambon-sur-Lignon, j'ai eu la 
chance de pouvoir aller au collège. Je s",joy,0.8771539926528931,3
Étienne,45.43389,4.39,529,"nces de mes parents, de mon père tout au moins, 
des gens de Mulhouse, qui étaient aussi venus dans cet endroit, mais eux, 
ils étaient venus, je dirais, plus à titre de touristes, parce qu'ils 
avaient trouvé refuge à Saint-Étienne. Et ce sont des gens qui nous ont 
indiqué qu'il y avait aussi, donc, au même endroit, ce même village de 
Tence, il n'y a plus de canton, qu'il y avait un camp où se trouvaient 
des réfugiés juifs, pas des réfugiés, des réf",neutral,0.7709157466888428,4
Étienne,45.43389,4.39,529,"is oublié de vous dire qu'à partir de 1943-1944, mon père avait 
décidé aussi de gagner son argent d'une autre façon. Il a fabriqué la 
lingerie féminine, avec des tissus qu'il achetait chez des anciens 
fournisseurs à Saint-Étienne. La découpe était faite à partir de patrons 
de couture qu'on achetait en papier, qui étaient faits pour les gens qui 
voulaient fabriquer et faire leurs vêtements eux-mêmes.

Donc mon père achetait des modèles comme ça, et ",neutral,0.9643682241439819,4
Étienne,45.43389,4.39,529,"limite du Chambon-sur-Lignon, qui était tenu par M. et Mme Munch, qui 
étaient des Alsaciens, et là, ce sont d'autres aventures, c'était 
extraordinaire.

Mes parents sont venus me voir, là. Ils sont toujours restés à Saint-
Étienne. 

Mon père, c'était extraordinaire, parce qu'il partait plusieurs jours, il 
allait par tous les moyens, par le train, par le Tortillard, je ne sais 
pas comment il faisait, il allait dans toutes les campagnes placer ses 
e",joy,0.9788259863853455,3
Étienne,45.43389,4.39,529,"vivait dans les bois, constamment dans les bois.

Et on était sévère, comme on peut l'être avec un enfant. Il y avait une 
discipline à observer.

Mais sinon, on avait une liberté totale, totale.

Alors, en tout cas de Saint-Étienne, oui, on y accédait. C'est 
extraordinaire que tu poses la question. Parce qu'il y a un personnage 
important qui était le train.

Donc, on prenait la ligne normale de Saint-Étienne jusqu'à Dunière, une 
petite ville, Dunièr",neutral,0.9574427604675293,4
Étienne,45.43389,4.39,529,"tale, totale.

Alors, en tout cas de Saint-Étienne, oui, on y accédait. C'est 
extraordinaire que tu poses la question. Parce qu'il y a un personnage 
important qui était le train.

Donc, on prenait la ligne normale de Saint-Étienne jusqu'à Dunière, une 
petite ville, Dunière. Et là, on changeait à Dunière. Et on prenait un 
train, si on appelle ça un train, petite ligne de campagne, qui 
rejoignait Dunière à.

Il allait jusqu'à Saint-André, je crois. B",neutral,0.8737608790397644,4
Étienne,45.43389,4.39,529," On ne les voyait jamais.

Il n'y avait pas d'occupation. Il n'y avait pas d'Allemands au 
Chambon-sur-Lignon. Jamais.

Donc je ne savais même pas ce que c'était. J'avais oublié. J'en avais vu 
à Paris, j'en avais vu à Saint-Étienne, mais non, ce n'était pas ma 
préoccupation du tout.

Et puis on prenait soin que ce ne soit pas ma préoccupation. On nous 
protégeait.

Et en fait, quand on était au Grillons, donc après le débarquement, 
Saint-Étienne étai",neutral,0.6135292649269104,4
Étienne,45.43389,4.39,529,"aint-Étienne, mais non, ce n'était pas ma 
préoccupation du tout.

Et puis on prenait soin que ce ne soit pas ma préoccupation. On nous 
protégeait.

Et en fait, quand on était au Grillons, donc après le débarquement, 
Saint-Étienne était toujours occupée. Probablement que ça devenait 
dangereux. Mes parents sont venus habiter le Chambon-sur-Lignon.

Ils ont loué un appartement dans une très belle maison qui s'appelait le 
Pré de Grennes. C'était une tr",neutral,0.9786505699157715,4
Gurs,43.27376,-0.74031,186," 
habitants à la limite de la Haute-Loire et de l'Ardèche et c'est ainsi 
que j'ai pu continuer de suivre les études alors qu'il s'agissait d'une 
école privée payante et j'ai eu la chance de voir ma mère libérée du camp 
de Gurs quelques mois avant la déportation de l'ensemble de la population 
juive de Gurs et par un très long cheminement par des petites étapes en 
faisant la bonne à tout faire elle est arrivée au Chambon-sur-Lignon où 
elle a vécu",joy,0.49761131405830383,3
Gurs,43.27376,-0.74031,186,"i pu continuer de suivre les études alors qu'il s'agissait d'une 
école privée payante et j'ai eu la chance de voir ma mère libérée du camp 
de Gurs quelques mois avant la déportation de l'ensemble de la population 
juive de Gurs et par un très long cheminement par des petites étapes en 
faisant la bonne à tout faire elle est arrivée au Chambon-sur-Lignon où 
elle a vécu des petits boulots pendant que moi j'étais dans ce petit 
homme homme d'enfant e",neutral,0.3935634195804596,4
Gurs,43.27376,-0.74031,186,"s étions tout à fait informés 
de ce qui se passait et nous avions la conscience de l'évolution de la 
guerre. Je voudrais à ce sujet vous raconter deux faits qui m'ont marqué.

Août 1942, la déportation des juifs du camp de Gurs. Nous l'avons su 
immédiatement. Le Chambon-sur-Lignon et tous les enfants juifs qui 
avaient encore des parents à Gurs, et même ceux qui n'en avaient pas, je 
me souviens, autour de moi, c'était comme une ruche d'abeilles.
",sad,0.8714673519134521,5
Gurs,43.27376,-0.74031,186,"is à ce sujet vous raconter deux faits qui m'ont marqué.

Août 1942, la déportation des juifs du camp de Gurs. Nous l'avons su 
immédiatement. Le Chambon-sur-Lignon et tous les enfants juifs qui 
avaient encore des parents à Gurs, et même ceux qui n'en avaient pas, je 
me souviens, autour de moi, c'était comme une ruche d'abeilles.

Et je me souviens que le président de la Fédération Protestante de 
France, Buegner, personnalité très connue qui est i",sad,0.9345682263374329,5
Gurs,43.27376,-0.74031,186,", et c'est quelque chose que je 
n'oublierai jamais, il a eu un mot très malheureux pour les enfants. Il a 
dit à mes petits amis, à mes petits camarades d'origine allemande qui 
étaient affolés par la déportation du camp de Gurs, sans qu'on sache 
exactement qu'il s'agissait de la Shoah, mais qu'on pressentait le 
danger. Il a dit, messieurs, mesdemoiselles, gardez votre sérénité.

Ça m'a paru quelque chose de... Kafkaïen. La sérénité, c'est un mot ",sad,0.9858908653259277,5
Gurs,43.27376,-0.74031,186,"la Bibliothèque nationale de Paris. Donc une élite 
intellectuelle protestante était au Chambon-sur-Lignon.

Je savais déjà que ma mère s'est trouvée près de Sainte-Étienne. Pourquoi? 
Parce qu'on l'avait libérée du camp des Gurs.

Et par petite étape, elle s'approchait du Chambon-sur-Lignon, en faisant 
le métier de femme de ménage ou de bonnete ouverte. Et c'est nous, mon 
frère et moi, qui nous sommes allés l'hiver 1942, la voir là où elle se 
tro",neutral,0.9809904098510742,4
Gurs,43.27376,-0.74031,186,", donc, au même endroit, ce même village de 
Tence, il n'y a plus de canton, qu'il y avait un camp où se trouvaient 
des réfugiés juifs, pas des réfugiés, des réfugiés juifs allemands, qui 
avaient été envoyés par le camp de Gurs pour se refaire une santé.

Et en général, c'était des Juifs allemands qui étaient des vieilles 
personnes qui se sont retrouvées dans cet endroit. Et c'était un lieu-là 
qui s'appelait La Papeterie. Et ce camp, je crois, a ",neutral,0.6200693845748901,4
Lyon,45.74846,4.84671,173,"ne savoir pas à quelle date, comment ou en quelles circonstances, sinon 
qu'à travers les récits des historiens ou des tiers qui vous racontent la 
Shoah et la Treblinka.

Alors, 1944-1945, la libération, nous nous rendons à Lyon.  Nous vivons 
au Chambon-sur-Lignon, sous Lyon, des petits boulots. Des petits, je 
dirais, entre guillemets, sans un mauvais sens, des petits trafics. Comme 
il y avait de nombre d'enfants, ma mère était lingère.

Je vous ",neutral,0.9558367729187012,4
Lyon,45.74846,4.84671,173,"es circonstances, sinon 
qu'à travers les récits des historiens ou des tiers qui vous racontent la 
Shoah et la Treblinka.

Alors, 1944-1945, la libération, nous nous rendons à Lyon.  Nous vivons 
au Chambon-sur-Lignon, sous Lyon, des petits boulots. Des petits, je 
dirais, entre guillemets, sans un mauvais sens, des petits trafics. Comme 
il y avait de nombre d'enfants, ma mère était lingère.

Je vous ai parlé du Chambon-Sur-Lignon, je vous ai parlé",neutral,0.9783963561058044,4
Lyon,45.74846,4.84671,173," mais nous avons 
vécu dans des fermes à quelques kilomètres de Chambon-sur-Lignon. Et ça 
jusqu'à la Libération.

Alors pendant cette durée de 1942 à 1945, mon mari faisait de la 
résistance dans la Haute-Loire aux Puy et à Lyon. Et juste avant la 
Libération, les Allemands étaient encore aux Puy, ils occupaient une 
caserne. Mon mari a sorti un journal de la résistance qui s'appelait "" 
L'appel de la Haute-Loire "" et qui avait déjà les dimensions d",neutral,0.9757214188575745,4
Lyon,45.74846,4.84671,173,"ait juste un certificat 
d'études qu'on obtenait à 13 ou 14 ans.

Et là, il l'a bloqué à 9 ans, où il fallait sortir de l'école, où il 
fallait aller au collège. Donc ma fille est partie de 9 ans, après nous 
sommes partis à Lyon, en 1945. Donc on est partis depuis.

Ah oui, mon mari était rédacteur en chef de l'appel de Haute-Loire.

et puis peu de temps après la libération, ils sont venus les prendre là. 
On est venus nous chercher de Lyon, et je v",sad,0.9398300051689148,5
Lyon,45.74846,4.84671,173,"partis à Lyon, en 1945. Donc on est partis depuis.

Ah oui, mon mari était rédacteur en chef de l'appel de Haute-Loire.

et puis peu de temps après la libération, ils sont venus les prendre là. 
On est venus nous chercher de Lyon, et je vous ai raconté, avec une 
voiture qui ne voulait pas partir. Les paysans ont appelé des vaches dans 
cette voiture, et ils nous ont traînés pour qu'elle démarre.

Et on est partis comme ça, avec une vieille voiture b",sad,0.8935636878013611,5
Lyon,45.74846,4.84671,173,"avait franchi les Pyrénées à pied avec 
son membre artificiel, avait été rapatriée en France par des canots et 
déposée en Bretagne, avait sévi à travers toute la France, avait commencé 
sa carrière, d'ailleurs, dans l'OSS à Lyon, où elle avait été poursuivie 
en vain par Klaus Barbie, qu'ils appelaient la sorcière rousse, parce 
qu'elle a toujours échappé à ses pièges. 

Et donc, c'était une femme absolument fantastique, mais dont je ne savais 
pas ",neutral,0.9190146923065186,4
Lyon,45.74846,4.84671,173,"e, est arrivé, le 1er septembre, sont arrivés les blindés alliés, 
mais quand les blindés sont arrivés, la résistance française avait 
complètement libéré la route de l'intérieur, la route des Cévennes, 
depuis Nîmes jusqu'à Lyon. Saint-Étienne était libéré aussi. Il s'est 
passé, d'ailleurs, des exactions à Saint-Étienne avec des groupes plus ou 
moins incontrôlés, mais tout était libéré par conséquent.

de ce paysan qui m'a ouvert sa ferme, il sava",neutral,0.9665002226829529,4
Lyon,45.74846,4.84671,173,"d la guerre était finie, c'est alors 
que l'OSÉ, Oeuvre Secours aux Enfants, a probablement pris contact avec 
le Croix-Rouge pour savoir s'il y avait des enfants juifs, et c'est de là 
qu'ils nous ont emmenés en attendant à Lyon.

À Chambon sur Lignon, à part, naturellement, que tous les soirs, je 
pleurais parce qu'on n'avait pas nos parents, mais j'avais heureusement 
ma sœur. J'ai eu de beaux souvenirs aussi. C'était un très bel endroit.

On étai",sad,0.5693253874778748,5
Lyon,45.74846,4.84671,173,", avec YMCA, donc 
dans la rue, si on ne me demandera peut-être même pas mes papiers, 
puisqu'on verra que je fais partie d'un mouvement unioniste protestant.

Et je suis très, très, très heureux. Ma mère est avec mon père à Lyon.

De temps en temps, de temps en temps, je vois mes parents. Le téléphone, 
alors il y en avait peut-être un pour Mme Jouve dans son bureau, mais il 
n'y avait pas de téléphone. J'écrivais peut-être une lettre de temps en 
t",joy,0.8658643364906311,3
Lyon,45.74846,4.84671,173,"ages de 
Normandie. Et je l'ai appris le 6 juin 44, au matin, en allant à l'école.

Et ce jour-là, j'ai couru comme un fou retrouver mes parents, car, encore 
un coup de flaire de mon père, vers avril 44, je crois, il quitte Lyon 
avec ma mère. Et donc, mon père décide, avec ma mère, d'arriver au 
Chambon-sur-Lignon, à la campagne. Et ils ne sont pas très loin de moi, 
donc j'ai le bonheur d'avoir mes parents. Et le 6 juin 1944, je cours 
comme un fo",joy,0.9823119640350342,3
Lyon,45.74846,4.84671,173,"eis par les autorités de Vichy, interné pendant je crois plusieurs 
semaines et qui sur intervention de personnalité ont été libérés par les 
autorités de Vichy. 

Là nous sommes en 1943, mon père et ma mère qui habitaient à Lyon, je 
devrais même pas dire mon père, je devrais dire mon oncle, mon oncle et 
sa maîtresse ou ma mère et son amant sont montés me voir au Chambon sur Lignon 
et ils se sont aperçus ce jour là que je mangeais pas tellement à ",sad,0.7423765659332275,5
Lyon,45.74846,4.84671,173,"ant ce qui 
nous est aussi arrivé donc c'est que cette gouvernante qui était chez 
nous eu beaucoup de problèmes de santé elle avait été opérée d'abord une 
première fois à Saint-Etienne une deuxième fois elle était opérée à Lyon 
puis finalement elle est revenue dans un état épouvantable et ce qui fait 
qu'on a logé donc elle est venue loger chez nous avec nous parce qu'elle 
pouvait plus s'occuper de ma soeur et elle est venue loger avec nous dans ",sad,0.973919153,5
Lyon,45.74846,4.84671,173,"chose 
parce que à l'époque les paysans c'était des gens très gâtés comme il 
fallait des tickets d'alimentation pour tout ce qu'on voulait manger et 
les gens des villes venaient aussi des gens de Saint-Etienne les gens de 
Lyon venaient s'approvisionner sur place et en général ils faisaient ce 
qu'on appelle du troc ils apportaient des objets et quand il y avait des 
gens qui travaillaient dans des usines ils apportaient des produits de 
ces usines",neutral,0.9686965346336365,4
Marseille,43.29695,5.38107,28,"moi.

Elle était italienne et elle m'a enseigné l'italien. Je connaissais donc 
la grammaire, la littérature italienne.


﻿Je m'appelle Mireille Benveniste, née Nizar.


Quelques jours après, mon père a décidé qu'on quittait Marseille.

Et à partir de ce moment-là, ma sœur, qui était déjà réfugiée à Haute-Loire, 
nous avait fait parvenir une lettre par des amis, en disant qu'on 
pouvait venir là, que c'était tranquille. Alors, on a décidé de partir 
là, à",neutral,0.9553477764129639,4
Marseille,43.29695,5.38107,28,"t moi, j'ai continué ma philo par correspondance. Et entre-temps.

Alors là donc nous sommes arrivés à Fay-sur-Lignon en mars 43, avril, 
mai, c'est pas mal pas mal passé, enfin les gens savaient qu'on était des 
réfugiés de Marseille.

Il y avait d'autres réfugiés parce que la région de Haute-Loire avait été 
aussi désignée comme région pour éviter les bombardements aux petits-
enfants marseillais. Donc il y avait aussi un instituteur qui était là 
avec ",neutral,0.9802274107933044,4
Marseille,43.29695,5.38107,28," réfugiés parce que la région de Haute-Loire avait été 
aussi désignée comme région pour éviter les bombardements aux petits-
enfants marseillais. Donc il y avait aussi un instituteur qui était là 
avec des enfants sauvés de Marseille. Comme juifs je ne sais pas s'il y 
en avait, il y en avait dans le maquis pas mal et il y en avait surtout 
au Chambon-sur-Lignon, le Chambon-sur-Lignon qui était déjà bien habité 
par des familles juives.

Alors le mois de",neutral,0.8207229971885681,4
Marseille,43.29695,5.38107,28,"tine là était allée aux commissions et ils ont attendu mon 
père et mon frère qui sont revenus aussi, qui s'étaient promenés dans le 
village et qui sont revenus.

Le frère aîné, mon frère André. Ils ont dit on vous ramène à Marseille et 
à ce moment là, mon frère Maurice qui était plus jeune a dit mais je veux 
prendre la place de mon père, il a 60 ans, vous n'allez pas le prendre, 
emmenez-moi à sa place. Et alors là ils ont eu une hésitation mais ils 
",neutral,0.8778055906295776,4
Marseille,43.29695,5.38107,28,"ils 
ont dit non, c'est Arban et André Nizar qu'on va prendre et comme ils 
avaient un taxi à gazogène, il n'y avait que deux places si vous voulez, 
ils les ont emmenés.

Alors là ça a été la consternation.

Ils venaient de Marseille parce qu'ils ont été dénoncés par quelqu'un à 
Marseille. Mon père n'était pas très prudent, il mettait quelquefois son 
adresse au dos des lettres, il était un peu naïf je crois. 

Alors inutile de vous dire que ça a été un",sad,0.9579330086708069,5
Marseille,43.29695,5.38107,28,"ndre et comme ils 
avaient un taxi à gazogène, il n'y avait que deux places si vous voulez, 
ils les ont emmenés.

Alors là ça a été la consternation.

Ils venaient de Marseille parce qu'ils ont été dénoncés par quelqu'un à 
Marseille. Mon père n'était pas très prudent, il mettait quelquefois son 
adresse au dos des lettres, il était un peu naïf je crois. 

Alors inutile de vous dire que ça a été un choc épouvantable. Je me 
souviens que pendant quelques ",sad,0.7675336003303528,5
Marseille,43.29695,5.38107,28,"nt venus et quand ils ont vu le papier avec le tampon 
allemand et police allemande, ils ont dit on ne peut rien faire et alors 
ils sont partis comme ça. Moi mon frère André m'a glissé le nom d'une 
jeune amie qu'il avait à Marseille pour que je la prévienne qu'il était 
parti comme ça. Alors la vie a été, je ne peux pas vous dire, on était 
complètement désemparés.

Maman est allée au Puy voir le procureur de la république essayer de 
voir si on pouvait",sad,0.9637531638145447,5
Marseille,43.29695,5.38107,28,"on est allé à l'arrivée de tous les trains, des 
bateaux.

Alors notre vie, quand on n'a pas pu, on est resté jusqu'à la fin dans 
cette petite maison de paysans, disons, et puis vers octobre 44, un peu 
avant de revenir sur Marseille, on est revenu dans la maison où on avait 
laissé quelques affaires, on a payé ce qu'on devait, les enfants sont 
revenus du Collège Cévenol et on a décidé de rentrer à Marseille.

Alors à Fay-sur-Lignon, je vous ai dit, le ",neutral,0.8909783959388733,4
Marseille,43.29695,5.38107,28,"vers octobre 44, un peu 
avant de revenir sur Marseille, on est revenu dans la maison où on avait 
laissé quelques affaires, on a payé ce qu'on devait, les enfants sont 
revenus du Collège Cévenol et on a décidé de rentrer à Marseille.

Alors à Fay-sur-Lignon, je vous ai dit, le village n'était pas occupé par 
les Allemands, mais quand on a entendu que l'armée d'Afrique passait par 
Le Chambon-sur-Lignon, on est tous descendus sur des vélos, sur des 
char",neutral,0.8817625045776367,4
Marseille,43.29695,5.38107,28,"rettes, on est allé voir passer l'armée d'Afrique, c'est là que j'ai 
vu les premières jeeps et les premiers casques américains et c'était une 
joie merveilleuse quoi, mais pour nous une joie qui était. et quand on 
a su que Marseille était libérée le 25 août 44, on s'est dit maintenant 
il faut retourner sur Marseille, parce que on voulait d'abord savoir si 
la maison était debout.


﻿Je suis Roger Climaud, né le 12 février 1919, à Paris 9e, arrondisseme",joy,0.8898255825042725,3
Marseille,43.29695,5.38107,28," jeeps et les premiers casques américains et c'était une 
joie merveilleuse quoi, mais pour nous une joie qui était. et quand on 
a su que Marseille était libérée le 25 août 44, on s'est dit maintenant 
il faut retourner sur Marseille, parce que on voulait d'abord savoir si 
la maison était debout.


﻿Je suis Roger Climaud, né le 12 février 1919, à Paris 9e, arrondissement, 
et j'avais comme nom antérieur le nom de mon père, Kalimovitsky.

Et là, j'ai att",neutral,0.4756595492362976,4
Mulhouse,47.75205,7.32866,238,"des mots expliquer le bonheur 
de survivre à quelque chose qui vous paraissait totalement impossible 
totalement inconcevable.
﻿Francis Weill, Je suis né le 11 juin 1933, l'année où Hitler est venu au 
pouvoir.  Je suis né à Mulhouse, dans le département du Haut-Rhin, en 
Alsace, donc à la frontière avec l'Allemagne, la frontière entre la 
France et l'Allemagne.

Nous sommes arrivés dans un tout petit patelin, un petit village de une 
centaine d'habitant",joy,0.37469691038131714,3
Mulhouse,47.75205,7.32866,238,"suis aussi, et nous étions, nous, enfin, nous sommes 
allés à l'école. Et nous avons donc commencé à aller à l'école à 
l'époque, au mois d'octobre 1940. Mon frère aîné, donc, lui avait déjà eu 
une année scolaire complète à Mulhouse, ce qui fait que, pour lui, ça n'a 
pas été un problème.

Mon jeune frère, lui, débutait sa scolarité au mois d'octobre 1940, donc, 
c'était la première fois que lui allait à l'école. Et moi, je me suis 
retrouvé avec mon je",neutral,0.9681218266487122,4
Mulhouse,47.75205,7.32866,238,"

Donc, nous sommes restés à cet endroit pendant la guerre. Nous avons 
rencontré, au mois de septembre 1940, je pense, quelque chose de ce 
genre-là, des connaissances de mes parents, de mon père tout au moins, 
des gens de Mulhouse, qui étaient aussi venus dans cet endroit, mais eux, 
ils étaient venus, je dirais, plus à titre de touristes, parce qu'ils 
avaient trouvé refuge à Saint-Étienne. Et ce sont des gens qui nous ont 
indiqué qu'il y avait auss",neutral,0.9600206017494202,4
Mulhouse,47.75205,7.32866,238,"ersité de Grenoble.

Et donc il y a un certain nombre de leurs connaissances à ces gens-là qui 
sont aussi venus les rejoindre qui venaient de Troyes. Et c'était des 
gens qui étaient aussi ceux-là qui étaient originaires de Mulhouse 
puisque le père de ce M. Blum avait été rabbin de Mulhouse jusqu'en 1929.

Donc c'était aussi des gens que mon père connaissait. Et le beau-père de 
ce M. Blum avait été pharmacien à Mulhouse.

Donc c'est une fois de plus u",neutral,0.9830410480499268,4
Mulhouse,47.75205,7.32866,238,"rs connaissances à ces gens-là qui 
sont aussi venus les rejoindre qui venaient de Troyes. Et c'était des 
gens qui étaient aussi ceux-là qui étaient originaires de Mulhouse 
puisque le père de ce M. Blum avait été rabbin de Mulhouse jusqu'en 1929.

Donc c'était aussi des gens que mon père connaissait. Et le beau-père de 
ce M. Blum avait été pharmacien à Mulhouse.

Donc c'est une fois de plus une connaissance de mon père. Ce qui fait 
qu'après mon père ",neutral,0.9809227585792542,4
Mulhouse,47.75205,7.32866,238,"x-là qui étaient originaires de Mulhouse 
puisque le père de ce M. Blum avait été rabbin de Mulhouse jusqu'en 1929.

Donc c'était aussi des gens que mon père connaissait. Et le beau-père de 
ce M. Blum avait été pharmacien à Mulhouse.

Donc c'est une fois de plus une connaissance de mon père. Ce qui fait 
qu'après mon père rencontrait régulièrement ces gens-là et en les 
rencontrant il y avait d'autres informations qu'il pouvait avoir. Et ces 
gens étaie",neutral,0.9797338843345642,4
Mulhouse,47.75205,7.32866,238,"e 8 
mai 1945, donc c'était quand même avant l'armistice, et c'était au mois 
de février 1945.

Donc nous sommes restés à Tence jusqu'au mois d'octobre 1945, et nous 
sommes restés là-bas parce que nous étions originaires de Mulhouse, et il 
fallait voir pour mes parents d'aller repérer de nouveau pour savoir tout 
ce qu'il y avait ou tout ce qu'il n'y avait pas.

Alors nous, nous avons fait l'examen d'entrée en sixième, au Chambon-sur-Lignon, 
au collèg",neutral,0.9820402264595032,4
Mulhouse,47.75205,7.32866,238,", nous avons fait l'examen d'entrée en sixième, au Chambon-sur-Lignon, 
au collège Cévenol, et c'est avec les résultats de ce que nous 
avions fait là-bas, cet examen d'entrée, que nous avons été admis 
finalement au lycée à Mulhouse quand nous sommes arrivés.

Comme nous n'avions pas d'argent de reste, ma mère lavait son linge elle-
même. Et laver son linge, ça voulait dire qu'il fallait aller à la 
rivière. Alors on allait dans la rivière, il y avait u",neutral,0.9650985,4
Paris,48.85341,2.3488,42,"que tous les 
petits Français ont étudié.

J'ai eu l'occasion d'aller à la bibliothèque du collège de l'école, qui 
était une seule pièce. Et j'avais monsieur Schmitt, qui a été 
bibliothécaire à la Bibliothèque nationale de Paris. Donc une élite 
intellectuelle protestante était au Chambon-sur-Lignon.

Je savais déjà que ma mère s'est trouvée près de Sainte-Étienne. Pourquoi? 
Parce qu'on l'avait libérée du camp des Gurs.

Et par petite étape, elle s",neutral,0.9778307676315308,4
Paris,48.85341,2.3488,42,"mble.

Et alors il nous demandait de lui envoyer des colis. Et dans le village 
nous étions liés d'amitié avec le garagiste. Un garagiste qui s'appelait 
monsieur Exbraia.

Et maman lui a dit est-ce que vous pourriez aller à Paris, puisque vous 
n'êtes pas contrôlé en tant que juif, est-ce que vous pourriez aller à 
Paris porter un colis à Drancy, à mon mari et ce monsieur très gentiment. 
Il était charbonnier de son métier et garagiste. Donc il voyag",neutral,0.9550479054450989,4
Paris,48.85341,2.3488,42,"iés d'amitié avec le garagiste. Un garagiste qui s'appelait 
monsieur Exbraia.

Et maman lui a dit est-ce que vous pourriez aller à Paris, puisque vous 
n'êtes pas contrôlé en tant que juif, est-ce que vous pourriez aller à 
Paris porter un colis à Drancy, à mon mari et ce monsieur très gentiment. 
Il était charbonnier de son métier et garagiste. Donc il voyageait pas 
mal et il s'est chargé d'un énorme colis.

Il n'a pas pu voir mon père et mon frère",neutral,0.9400381445884705,4
Paris,48.85341,2.3488,42,"on 
a su que Marseille était libérée le 25 août 44, on s'est dit maintenant 
il faut retourner sur Marseille, parce que on voulait d'abord savoir si 
la maison était debout.


﻿Je suis Roger Climaud, né le 12 février 1919, à Paris 9e, arrondissement, 
et j'avais comme nom antérieur le nom de mon père, Kalimovitsky.

Et là, j'ai atterri au Chambon-sur-Lignon, où j'ai trouvé un accueil 
extraordinaire, tant de la population que des pasteurs.

Non, au Ch",neutral,0.5256674289703369,4
Paris,48.85341,2.3488,42,"oto était également 
prise au Chambon-sur-Lignon pendant la guerre et elle représente ma sœur 
entre mes parents donc mon père ma sœur et ma mère assises dans un champ. 
﻿Je m'appelle François Lecomte, né Lévis. Je suis né à Paris, le 25 
juillet 1929. 

J'ai pris le train. j'étais accompagné par une soeur, une belle soeur de 
ma chère Marie, qui avait accepté de m'emmener, et c'est ainsi que je 
suis arrivé, à Tence, dans ce fameux fief de Haute-Loir",neutral,0.9563555717468262,4
Paris,48.85341,2.3488,42,"hercher au Chambon-sur-Lignon, c'est le père de ma cousine 
Cloudy qui est venu m'en chercher. Parce qu'on trouvait effectivement que 
ça avait assez duré. ﻿Alors je m'appelle Simon Liwerant. Je suis né le 26 novembre 1928 à Paris 
dans le 12e arrondissement.

Il n'avait pas deux ans et demi.  Donc, l' OSE nous a pris et nous a 
envoyés, à un moment donné, dans un lieu dit en Haute-Loire, en pleine 
montagne. Ça s'appelait Les Digons.

Ça s'appelle to",neutral,0.9752703905105591,4
Paris,48.85341,2.3488,42,"ait des genets autour, il n'y avait 
rien. C'était vraiment une colline pierreuse, quoi. Et, bon, j'ai vu les 
gendarmes arriver, et ils sont rentrés à la maison, et le paysan m'a 
appelé.

Je suis rentré, d'où tu viens ? De Paris. Pourquoi ?

Je suis en vacances. Et comment que ça se fait que tu es venu jusqu'ici ? 
Qui c'est qui t'a emmené, tout ça ?

Je lui ai dit, écoutez, moi j'en sais rien, on m'a emmené, point final. 
Je suis là pour les vacanc",anger,0.6305361986160278,0
Paris,48.85341,2.3488,42,"i vraiment vous conseille, vous aide, vous devenez une jeune 
fille.  J'ai dû découvrir les choses par les livres, en demandant à 
droite, à gauche. ﻿Alors, je m'appelle Simon Serge Sobelman, je suis né le 14 juillet 1928 à 
Paris 9e.

Moi je connais un village, donc lui le savait, un village protestant, ça 
se situe en Haute Loire, au Chambon-sur-Lignon, et je sais qu'au 
Chambon-sur-Lignon, on protège et on cache des enfants juifs. Le bon prêtre, 
c",neutral,0.5439190864562988,4
Paris,48.85341,2.3488,42,"enu.

C'était un garçon merveilleux, un héros, un sadique. On peut dire un 
sadique.

Alors, je suis resté jusqu'à la libération. C'est-à-dire, fin août 44. 
C'est ça, fin août 44.

Enfin, on n'est pas rentré tout de suite à Paris, mais nous sommes 
rentrés vers le milieu du mois de septembre 44. Mais c'est au Chambon-
sur-Lignon que j'ai vu arriver la première armée française. D'abord, 
c'est au Chambon-sur-Lignon que j'ai appris le débarquement du 6",neutral,0.9456878900527954,4
Paris,48.85341,2.3488,42," de ma vie.

Ça c'est ma carte d'identité du Chambon sur Lignon pour l'année scolaire 
42-43, c'est une carte d'identité scolaire, elle n'a rien à faire avec 
l'état français mais elle porte mon vrai nom, né le 14 juillet 28 Paris 
9e, tout cela est parfaitement vrai et elle est signée en bas et contre-
signée sur la photo par le directeur de l'école monsieur Darcissac, 
monsieur Darcissac qui a fait partie des justes du Chambon sur Lignon, 
monsieur ",neutral,0.8520777821540833,4
Paris,48.85341,2.3488,42,"ui organisait les cours sur le niveau aussi je 
dirais de la vie religieuse nous avons eu dans le village la présence de 
quelqu'un qui s'appelait monsieur Robert Sommer et qui était quelqu'un de 
connu dans le milieu juif à Paris après-guerre et qui était le jean du 
grand Maniber le grand Maniber avait été le directeur du séminaire 
israélite de la rue Boclin et donc c'était des gens qui ont vécu avec 
nous dans ce village et nous avons donc eu des ",neutral,0.9305009841918945,4
Paris,48.85341,2.3488,42,"ons passé plusieurs 
nuits en attendant de savoir est-ce qu'il y avait encore risque ou pas.

Il s'appelait Dufault, je me rappelle très bien leur nom parce que lui 
était le petit neveu général Dufault dont il y a une rue à Paris qui va 
de la Madeleine jusqu'à la rue Cambon voilà aussi la façon que j'ai pour 
me rappeler du nom de ces gendarmes et c'était de très braves gens et à 
partir de ce moment là mes parents se sont mis à la recherche d'un au",neutral,0.9666642546653748,4
Paris,48.85341,2.3488,42,"er sur 
la plage. C'est tout. On ne les voyait jamais.

Il n'y avait pas d'occupation. Il n'y avait pas d'Allemands au 
Chambon-sur-Lignon. Jamais.

Donc je ne savais même pas ce que c'était. J'avais oublié. J'en avais vu 
à Paris, j'en avais vu à Saint-Étienne, mais non, ce n'était pas ma 
préoccupation du tout.

Et puis on prenait soin que ce ne soit pas ma préoccupation. On nous 
protégeait.

Et en fait, quand on était au Grillons, donc après le dé",sad,0.4872407019138336,5
Paris,48.85341,2.3488,42,"me souviens du 
nom du garçon de ma classe qui s'appelait Brissac. Et à ma droite, je ne 
me souviens absolument pas du nom du personnage. C'était entre 42 et 43.


﻿Je m'appelle Zelany, Michel. Je suis né le 1er juin 1932 à Paris, 20e.

Moi j'ai senti vraiment les effets de la résistance quand j'étais dans la 
région de Chambon-sur-Lignon. 

Alors justement, nous avons débarqué dans la région de Chambon-sur-Lignon. 
Et les gens qui étaient à Rouen on",neutral,0.9472328424453735,4
Paris,48.85341,2.3488,42," passait dans le monde, ah 
oui, la résistance, l'avance des Russes, tous les événements de la 
guerre. Nous étions l'oreille collée à la radio.

La libération, nous sommes repartis avec une camionnette à deux familles, 
sur Paris, nous sommes repartis sur Paris. 
",sad,0.6514973044395447,5
Paris,48.85341,2.3488,42," la résistance, l'avance des Russes, tous les événements de la 
guerre. Nous étions l'oreille collée à la radio.

La libération, nous sommes repartis avec une camionnette à deux familles, 
sur Paris, nous sommes repartis sur Paris. 
",neutral,0.5769244432449341,4
Puy,45.04366,3.88523,640,"primaire du village 
ou ce qu'on appelait ensuite le cours complémentaire les années ont passé 
très vite nous avons vécu là bas, la libération j'ai passé mon bac encore 
dans la France occupée je suis allé passer mon bac au Puy en vélo j'ai 
loué une bicyclette pour aller du Chambon-sur-Lignon au Puy et je puis 
vous dire que la montagne le massif central c'est très dur surtout sur 
une bicyclette louée dès 1940 et c'était donc 44 juin 44.

Le Cham",sad,0.647919238,5
Puy,45.04366,3.88523,640,"les années ont passé 
très vite nous avons vécu là bas, la libération j'ai passé mon bac encore 
dans la France occupée je suis allé passer mon bac au Puy en vélo j'ai 
loué une bicyclette pour aller du Chambon-sur-Lignon au Puy et je puis 
vous dire que la montagne le massif central c'est très dur surtout sur 
une bicyclette louée dès 1940 et c'était donc 44 juin 44.

Le Chambon-sur-Lignon avait, je vous l'ai déjà dit, la caractéristique 
d'avoir u",sad,0.8219668865203857,5
Puy,45.04366,3.88523,640,"moins 
dix ou quinze personnes que toute la famille a dû se rabattre sur cet 
appartement.

Donc, voilà dans quel état d'information et d'esprit ma mère et moi, nous 
vivions à cette époque.

Alors le bac en vélo, je vais au Puy et je passe le bac. Je dois vous 
dire d'abord que passer le bac au Puy suppose dormir au Puy. Or, puisque 
les examens s'étendaient, je ne me souviens plus, sur deux ou trois 
jours.

Et c'était encore l'ancien bac, premièr",neutral,0.5382211804389954,4
Puy,45.04366,3.88523,640," cet 
appartement.

Donc, voilà dans quel état d'information et d'esprit ma mère et moi, nous 
vivions à cette époque.

Alors le bac en vélo, je vais au Puy et je passe le bac. Je dois vous 
dire d'abord que passer le bac au Puy suppose dormir au Puy. Or, puisque 
les examens s'étendaient, je ne me souviens plus, sur deux ou trois 
jours.

Et c'était encore l'ancien bac, première partie. Le premier bac. Et je me 
souviens que j'avais été accueilli p",neutral,0.9494407176971436,4
Puy,45.04366,3.88523,640,"nc, voilà dans quel état d'information et d'esprit ma mère et moi, nous 
vivions à cette époque.

Alors le bac en vélo, je vais au Puy et je passe le bac. Je dois vous 
dire d'abord que passer le bac au Puy suppose dormir au Puy. Or, puisque 
les examens s'étendaient, je ne me souviens plus, sur deux ou trois 
jours.

Et c'était encore l'ancien bac, première partie. Le premier bac. Et je me 
souviens que j'avais été accueilli par une institutrice au",neutral,0.8501570224761963,4
Puy,45.04366,3.88523,640," Or, puisque 
les examens s'étendaient, je ne me souviens plus, sur deux ou trois 
jours.

Et c'était encore l'ancien bac, première partie. Le premier bac. Et je me 
souviens que j'avais été accueilli par une institutrice au Puy qui m'a 
logé pour me permettre de dormir et passer l'examen.

Et c'est une chose extraordinaire, je suis rentré au Chambon-sur-Lignon, 
bien entendu sans connaître le résultat. Et c'est elle qui m'a envoyé un 
télégramme au",neutral,0.6358741521835327,4
Puy,45.04366,3.88523,640,"ère André m'a glissé le nom d'une 
jeune amie qu'il avait à Marseille pour que je la prévienne qu'il était 
parti comme ça. Alors la vie a été, je ne peux pas vous dire, on était 
complètement désemparés.

Maman est allée au Puy voir le procureur de la république essayer de 
voir si on pouvait les faire libérer et gentiment il nous a dit que 
contre la police allemande ils ne pouvaient rien bien que ce soit quand 
même sous juridiction française. Al",sad,0.9703550934791565,5
Puy,45.04366,3.88523,640," tellement avec les éclaireurs, c'était avec un groupe 
qui se trouvait là. J'étais toujours en contact avec les éclaireurs, du 
fait que, si vous voulez, je les rencontrais ou à Saint-Étienne, ou à 
d'autres endroits, ou au Puy, ou à d'autres endroits, mais pas au 
Chambon-sur-Lignon même.

Et puis je n'étais plus sous le nom de Kalimovitsky, j'étais sous le nom 
de Jean-Charles Pierron, à l'époque.

J'avais changé de nom, j'avais des papiers faux,",neutral,0.9506998062133789,4
Puy,45.04366,3.88523,640," Gestapo, mais nous avons 
vécu dans des fermes à quelques kilomètres de Chambon-sur-Lignon. Et ça 
jusqu'à la Libération.

Alors pendant cette durée de 1942 à 1945, mon mari faisait de la 
résistance dans la Haute-Loire aux Puy et à Lyon. Et juste avant la 
Libération, les Allemands étaient encore aux Puy, ils occupaient une 
caserne. Mon mari a sorti un journal de la résistance qui s'appelait "" 
L'appel de la Haute-Loire "" et qui avait déjà les di",neutral,0.9647466540336609,4
Puy,45.04366,3.88523,640,"n-sur-Lignon. Et ça 
jusqu'à la Libération.

Alors pendant cette durée de 1942 à 1945, mon mari faisait de la 
résistance dans la Haute-Loire aux Puy et à Lyon. Et juste avant la 
Libération, les Allemands étaient encore aux Puy, ils occupaient une 
caserne. Mon mari a sorti un journal de la résistance qui s'appelait "" 
L'appel de la Haute-Loire "" et qui avait déjà les dimensions d'un journal 
normal.

Alors il fallait le diffuser au risque d'être p",neutral,0.9574663639068604,4
Puy,45.04366,3.88523,640," des SS, il y avait une 
sorte de coexistence. Puis ensuite, ils ont abandonné tout de même. 
Voyant les progrès de la résistance, mais je ne sais pas quand, ils ont 
quitté leur hôtel de convalescence pour se replier sur le Puy qui 
était.

Au Puy, il y avait comme commandant, il y avait un Autrichien. Et quand 
cet Autrichien, en septembre 1944, s'est rendu aux forces de l'armée 
secrète, il a dit à un autre chef, alors militaire, qui lui était un",neutral,0.9638567566871643,4
Puy,45.04366,3.88523,640,"une 
sorte de coexistence. Puis ensuite, ils ont abandonné tout de même. 
Voyant les progrès de la résistance, mais je ne sais pas quand, ils ont 
quitté leur hôtel de convalescence pour se replier sur le Puy qui 
était.

Au Puy, il y avait comme commandant, il y avait un Autrichien. Et quand 
cet Autrichien, en septembre 1944, s'est rendu aux forces de l'armée 
secrète, il a dit à un autre chef, alors militaire, qui lui était un 
Juif, qui s'appela",neutral,0.9651215672492981,4
Puy,45.04366,3.88523,640,"er, qu'il y avait. Et 
donc, il n'avait pas bougé. Et il connaissait effectivement beaucoup de 
choses sur la résistance aux Chambon-sur-Lignon.

Donc il y avait une sorte de consensus entre les Allemands de la 
Wehrmacht au Puy et la résistance aux Chambon-sur-Lignon. Bien, je suis 
entré dans cette saisine. Nos premiers actes, de façon assez 
extraordinaire, étaient désormais les gendarmes de la région.

Les gendarmes français. Pas les Allemands, ",neutral,0.9795661568641663,4
Puy,45.04366,3.88523,640,"occupais pas.

Par contre, d'autres camarades ont attaqué la gendarmerie et ont fait 
prisonner les gendarmes. Et puis, nous avions mis, quand nous sommes 
arrivés à Montfaucon, où il y a une route directe Saint-Étienne à le Puy, 
on nous a dit, attention, les Allemands vont arriver. On a prévenu qu'une 
colonne allait passer.

Alors, on a mis deux sentinelles au carrefour, sur la route de Saint-
Étienne à le Puy. Et puis, on est repartis, ayant cha",anger,0.4547692537307739,0
Puy,45.04366,3.88523,640,"une route directe Saint-Étienne à le Puy, 
on nous a dit, attention, les Allemands vont arriver. On a prévenu qu'une 
colonne allait passer.

Alors, on a mis deux sentinelles au carrefour, sur la route de Saint-
Étienne à le Puy. Et puis, on est repartis, ayant chargé nos gendarmes, 
on part. On fait quatre kilomètres, et nos chefs disent, nom d'un chien, 
on a oublié nos sentinelles.

Alors, on est repartis en marche arrière. Heureusement, eux avai",anger,0.3863196074962616,0
Puy,45.04366,3.88523,640,"ard a voulu que mes grands-parents habitaient à 150 
kilomètres de là où nous étions arrivés nous, une des soeurs de ma mère 
habitait à 8 kilomètres de là où nous étions arrivés, et la deuxième 
soeur de ma mère habitait au Puy, qui était donc à 40 kilomètres, ce qui 
fait que les trois soeurs de ma mère, elles étaient trois soeurs, donc 
les trois se sont retrouvées je dirais dans un mouchoir de poche, les 
grands-parents 150 kilomètres plus loin,",sad,0.610381007,5
Puy,45.04366,3.88523,640,"re pour avoir l'autorisation de la préfecture il fallait faire d'abord 
la demande par le cadenas de la mairie.

Il y avait un grossiste sur place avec qui nous avions de très bons 
contacts. Par contre, au chef-lieu donc au Puy, il y avait le président 
du conseil général d'avant-guerre, celui qui était l'ancien député et qui 
était un pétaniste, donc un collaborateur. C'était quelqu'un qui avait 
été concurrent de mon père avant-guerre.

Et donc q",neutral,0.9767876267433167,4
Puy,45.04366,3.88523,640,"rères, qui étaient deux frères célibataires ça a été 
les premiers qui ont été arrêtés je vois encore les gendarmes quand ils 
sont venus avec une traction avant Citroën à l'époque pour les arrêter et 
qui les ont emmenés au Puy par la suite j'ai pu savoir que ces deux 
frères avaient pu s'évader et en plus ils avaient pu faire la preuve que 
leur mère n'était pas juive ce qui fait qu'ils n'ont pas été envoyés 
directement à Drancy mais qu'ils avaie",neutral,0.8020825982093811,4
Puy,45.04366,3.88523,640,"ue ces deux 
frères avaient pu s'évader et en plus ils avaient pu faire la preuve que 
leur mère n'était pas juive ce qui fait qu'ils n'ont pas été envoyés 
directement à Drancy mais qu'ils avaient été d'abord emprisonnés au Puy 
ensuite il y avait un monsieur aussi qui était là qui s'appelait Reis qui 
était originaire de Nuremberg sa femme c'était une chrétienne une blonde 
on voyait tout de suite qu'elle n'était pas juive quand on la rencontrait ",neutral,0.8801506757736206,4
Puy,45.04366,3.88523,640,"m de Gallet, si vous 
permettez, avec les faux papiers.

Il m'a dit, pas de problème, pour moi, vous êtes Gallet. Mais pour passer 
le bac, je vous présenterai à Clermont-Ferrand, alors que tous les élèves 
passent le bac au Puy, au Puy qui était le chef-lieu de la Haute-Loire. 
Vous, vous irez à Clermont-Ferrand.

Et je vous inscrirai sous votre vrai nom. Alors très bien, j'étais donc 
Marc Gallet, et parfaitement intégré à cette société du Chambon",neutral,0.9389160871505737,4
Puy,45.04366,3.88523,640,"let, si vous 
permettez, avec les faux papiers.

Il m'a dit, pas de problème, pour moi, vous êtes Gallet. Mais pour passer 
le bac, je vous présenterai à Clermont-Ferrand, alors que tous les élèves 
passent le bac au Puy, au Puy qui était le chef-lieu de la Haute-Loire. 
Vous, vous irez à Clermont-Ferrand.

Et je vous inscrirai sous votre vrai nom. Alors très bien, j'étais donc 
Marc Gallet, et parfaitement intégré à cette société du Chambon-sur-Lig",neutral,0.9515432119369507,4
Rouen,49.44313,1.09932,21,"istoire. Il y a d'ailleurs une plaque, à l'entrée du Chambon-sur-Lignon 
maintenant, il y a une plaque en Yiddish, ou en Hébre, je ne sais 
pas trop, qui conmémore les événements.

﻿Oui, je m'appelle Aaron Guzy. Je suis né à Rouen dans la Loire en France 
en 1937, le 11 mars 1937 précisément.

Et c'était en novembre. Dès décembre, quelques semaines plus tard, mes 
parents m'ont mis en sûreté en premier. Comme j'étais le plus jeune, 
c'est moi qu'on a ",neutral,0.9769902229309082,4
Rouen,49.44313,1.09932,21,"n fait, il se trouve que parmi ces enfants, il y avait d'autres petits 
juifs. Mais on ne le savait pas. Je ne le savais pas.

Ce qui est intéressant, c'est que presque 50 ans plus tard, en discutant 
avec un cabaret juif de Rouen qui a 2 ans de plus que moi, qui s'appelle 
Maxime Friedlander, nous discutions de la guerre et nous savions que nous 
avions été cachés tous les deux au Chambon. En discutant, nous avons 
découvert que nous avions eu la mêm",neutral,0.9651676416397095,4
Rouen,49.44313,1.09932,21,"vait quand 
même des produits frais.

Donc la nourriture n'était pas un problème, mais ceci dit, les paysans 
étaient quand même pauvres, ce sont des gens pauvres, c'est une région 
pauvre.

Et donc mon père est redescendu à Rouen, prendre en cachette, remplir 
deux valises de pulls, de vêtements, dans l'atelier, dans le stock de la 
bonnetterie, il l'a remonté avec lui au Chambon-sur-Lignon, et qu'il 
distribuait aux paysans, c'était un petit peu du ",neutral,0.9176817536354065,4
Rouen,49.44313,1.09932,21,"c je n'ai pas du tout 
le souvenir d'avoir vu défiler, par exemple, les américains ou les 
français ou les anglais.

Mais donc le pays était libéré. Donc on a fait rapidement les 
préparatifs. On est rapidement redescendus à Rouen, en prenant toujours 
des petits trains.


----
C'est un peu normal, parce que c'est quand même une période terrible qui 
m'a marqué, bien que, moi, personnellement, je n'ai pas vu de violence de 
mes yeux.

Je n'en ai pas b",sad,0.7723526358604431,5
Rouen,49.44313,1.09932,21,"et puis on s'est retrouvés finalement dans ce petit village il 
y avait on était trois familles juives officielles enfin officielles qui 
se connaissions il y avait une autre famille juive qui était des gens qui 
venaient de Rouen mais alors cela nous les connaissions pas au départ 
mais ça nous semblait tout à fait des juifs et à l'école il y avait des 
petites filles aussi les prénoms qu'elles avaient nous faisait penser 
qu'elle vraisemblablement e",neutral,0.9769799709320068,4
Rouen,49.44313,1.09932,21," à Paris, 20e.

Moi j'ai senti vraiment les effets de la résistance quand j'étais dans la 
région de Chambon-sur-Lignon. 

Alors justement, nous avons débarqué dans la région de Chambon-sur-Lignon. 
Et les gens qui étaient à Rouen ont tout fait pour nous dissuader 
d'y aller parce que tous les gens de Rouen en général allaient là-bas. 
C'était une région à dominante protestante.

Et mon père avait beaucoup de flair, il a pu dénicher l'adresse et nous ",neutral,0.9020937085151672,4
Rouen,49.44313,1.09932,21,"ais dans la 
région de Chambon-sur-Lignon. 

Alors justement, nous avons débarqué dans la région de Chambon-sur-Lignon. 
Et les gens qui étaient à Rouen ont tout fait pour nous dissuader 
d'y aller parce que tous les gens de Rouen en général allaient là-bas. 
C'était une région à dominante protestante.

Et mon père avait beaucoup de flair, il a pu dénicher l'adresse et nous 
sommes partis là-bas.

Et nous sommes restés 18 mois dans la région de Chambo",neutral,0.9480014443397522,4
Sainte-Étienne,45.43389,4.39,529,"le pièce. Et j'avais monsieur Schmitt, qui a été 
bibliothécaire à la Bibliothèque nationale de Paris. Donc une élite 
intellectuelle protestante était au Chambon-sur-Lignon.

Je savais déjà que ma mère s'est trouvée près de Sainte-Étienne. Pourquoi? 
Parce qu'on l'avait libérée du camp des Gurs.

Et par petite étape, elle s'approchait du Chambon-sur-Lignon, en faisant 
le métier de femme de ménage ou de bonnete ouverte. Et c'est nous, mon 
frère et moi, qui n",neutral,0.9786645174026489,4
Sainte-Étienne,45.43389,4.39,529,"te étape, elle s'approchait du Chambon-sur-Lignon, en faisant 
le métier de femme de ménage ou de bonnete ouverte. Et c'est nous, mon 
frère et moi, qui nous sommes allés l'hiver 1942, la voir là où elle se 
trouvait près de Sainte-Étienne. Et là, nous avons décidé qu'elle allait 
nous rejoindre au Chambon-sur-Lignon.

Et je voudrais vous parler que nous étions suffisamment informés, mais 
mal informés, car ma mère a réussi à établir un contact via Lausanne, 
",neutral,0.9864208698272705,4
Sainte-Étienne,45.43389,4.39,529,"re sûre qu'il n'y ait 
plus d'Allemands nulle part.

Cet été, là, chez nous. Mais les autres années, il s'était caché. Il 
était caché dans la haute-loire, chez un paysan, dans la forêt.

Et justement, quand il est arrivé de Sainte-Étienne, en camionnette, mais 
tout seul. Un jour complètement inhabituel. Et de très loin, on était 
dehors.

On a entendu, nous enfants, on a entendu la camionnette arriver. De loin. 
Vite.

On s'est dit, il y a quelque chose. Mon",surprise,0.6849133968353271,6
Saint-Etienne,45.43389,4.39,529," aux juifs qui étaient persécutés. Très vite, 
les juifs sont arrivés, ça s'est su de bouche à oreille.

C'est comme ça que je me suis retrouvé en Noël, je m'en souviens très 
bien. Je suis monté avec ma mère, en passant par Saint-Etienne, en 
changeant de train, parce que les transports étaient très lents, très 
inconfortables. Nous avons passé la nuit dans une chambre, dans un hôtel 
du Chambon-sur-Lignon.

Et le lendemain, ma mère m'a amené chez une instit",sad,0.5576832294464111,5
Saint-Etienne,45.43389,4.39,529,", 
donc, il a arrêté de faire caca au lit, parce qu'il savait que j'allais 
venir le dimanche lui donner une fessée, je pense que par la suite, ça a 
dû tourner dans sa tête.


﻿Mon nom est donc Serge Nelken, et je suis né à Saint-Etienne, le 4 juin 
1924.

Et puis, ce qui a eu une importance après pour notre destinée, à partir 
de 1937, nous sommes allés en vacances dans des villages de Haute-Loire. 
Le premier village était Montfaucon, et puis en 1938, un a",neutral,0.9445171356201172,4
Saint-Etienne,45.43389,4.39,529,"mations un dimanche où 
nous nous promenions dans notre village. Nous avons rencontré, enfin mon 
père a rencontré sa petite cousine qui était venue en vélo avec son mari 
et puis sa belle-soeur plus un ami.

Ils venaient de Saint-Etienne pour passer le dimanche sur place. Donc 
nous nous avons rencontré et quand la situation est devenue difficile 
pour les juifs en ville donc la petite cousine de mon père est venue 
aussi résider avec nous dans cet endroit, ",neutral,0.9693320393562317,4
Saint-Etienne,45.43389,4.39,529," chacun ce bâton sur nos épaules et le pain se trouvant ce qui 
nous est aussi arrivé donc c'est que cette gouvernante qui était chez 
nous eu beaucoup de problèmes de santé elle avait été opérée d'abord une 
première fois à Saint-Etienne une deuxième fois elle était opérée à Lyon 
puis finalement elle est revenue dans un état épouvantable et ce qui fait 
qu'on a logé donc elle est venue loger chez nous avec nous parce qu'elle 
pouvait plus s'occuper de ma so",sad,0.9741577506065369,5
Saint-Etienne,45.43389,4.39,529,"s sur la route du Chambon-sur-Lignon 
donc de là où nous étions on avait une vue complète sur cette route j'ai 
vu passer les troupes en défilé constant qui descendait en direction de 
Tence et ensuite après ils allaient sur Saint-Etienne et Riom et pour 
nous je dirais c'était un soulagement et c'était un soulagement je dirais 
à plus d'un titre parce que plusieurs fois nous avons eu des alertes dans 
ce petit hameau où nous étions. Une fois on était venu no",fear,0.4820689857006073,2
Saint-Etienne,45.43389,4.39,529," essayer d'obtenir quelque chose 
parce que à l'époque les paysans c'était des gens très gâtés comme il 
fallait des tickets d'alimentation pour tout ce qu'on voulait manger et 
les gens des villes venaient aussi des gens de Saint-Etienne les gens de 
Lyon venaient s'approvisionner sur place et en général ils faisaient ce 
qu'on appelle du troc ils apportaient des objets et quand il y avait des 
gens qui travaillaient dans des usines ils apportaient des produ",neutral,0.9711369276046753,4
Saint-Etienne,45.43389,4.39,529,"e qui ne circulait pas tout le temps, 
qui circulait une fois le matin, une fois le soir.

Et les horaires, ce n'étaient pas des horaires très fixes, parce qu'il y 
avait une délimination qui était considérable, il allait de Saint-Etienne 
jusqu'à un endroit qui s'appelle Lamastre, et donc il fallait attendre 
qu'il passe. Et mon frère, qui était né au mois de février, donc devait 
faire sa bar mitzvah aux environs du mois de février. Et pour son 
apprentissa",neutral,0.9537611603736877,4
Saint-Etienne,45.43389,4.39,529,"llait contre les autres.

Et donc, il allait revendre en même temps que cette lingerie. Voilà, donc 
moyen de subsistance. Et puis donc, il allait travailler d'autres gens.

Et ensuite, il avait trouvé, acheté de la pluche à Saint-Etienne. Et il a 
commencé à faire des petits animaux en pluche aussi. 

Il y a une autre personne dont sa mère est morte sur place. Il y avait eu 
plusieurs juifs comme ça qui sont morts sur place pendant la guerre. Et à 
l'époque,",neutral,0.8259689211845398,4
Saint-Etienne,45.43389,4.39,529,"nce. Bon, ça c'était ce qui s'est passé 
sur place. 

﻿Mon nom est Etienne Weil, je suis né le 1er février 1937 à Lille dans le 
nord.

Donc il fallait nous éloigner, en tout cas mon frère et moi, nous 
éloigner à nouveau de Saint-Etienne. Or, c'est dans ce jardin d'enfants 
qui était tenu par une association qui s'appelait L'Aide aux Mères, M-E-
R-E-S, que ma mère a entendu parler du Chambon-sur-Lignon, en 1942, d'un 
village qui était à 60 kilomètres de Sai",neutral,0.9251123666763306,4
Saint-Etienne,45.43389,4.39,529,"nne. Or, c'est dans ce jardin d'enfants 
qui était tenu par une association qui s'appelait L'Aide aux Mères, M-E-
R-E-S, que ma mère a entendu parler du Chambon-sur-Lignon, en 1942, d'un 
village qui était à 60 kilomètres de Saint-Etienne.

Et je sais que mon père est allé en franc-tireur, a fait un voyage au 
Chambon-sur-Lignon pour voir ce que c'était, trouver des correspondants. 
Et il est revenu absolument emballé, étourdi par ce voyage, parce qu'il 
est ",joy,0.9879665970802307,3
Saint-Étienne,45.43389,4.39,529,"é des 
faux papiers, des.

Non, ce n'était pas tellement avec les éclaireurs, c'était avec un groupe 
qui se trouvait là. J'étais toujours en contact avec les éclaireurs, du 
fait que, si vous voulez, je les rencontrais ou à Saint-Étienne, ou à 
d'autres endroits, ou au Puy, ou à d'autres endroits, mais pas au 
Chambon-sur-Lignon même.

Et puis je n'étais plus sous le nom de Kalimovitsky, j'étais sous le nom 
de Jean-Charles Pierron, à l'époque.

J'avais chan",neutral,0.9766213297843933,4
Saint-Étienne,45.43389,4.39,529,"lques semaines plus tard, mes 
parents m'ont mis en sûreté en premier. Comme j'étais le plus jeune, 
c'est moi qu'on a caché en premier.

Alors, j'ai été caché au Chambon-sur-Lignon, qui est un petit village 
situé au sud de Saint-Étienne, dans le massif central. C'est un petit 
village qui a la chance d'être un peu à l'écart de tout centre industriel 
et des grandes routes, donc bien isolé. Et c'est un village qui est 
habité par une communauté protestante.
",neutral,0.9585808515548706,4
Saint-Étienne,45.43389,4.39,529,"une visite 
de son bureau.

C'était dangereux pour Les Sèches qui m'hébergeaient. C'était dangereux 
pour moi. Mais ça, c'était Le Forestier.

Et c'était tellement vrai que Le Forestier, un jour, est parti avec sa 
voiture à Saint-Étienne, ou ailleurs, je ne sais plus très bien, qui 
s'est fait arrêter par... et qui l'a pris en stop, des gens. C'étaient 
des résistants.

Ils se sont fait arrêter par une patrouille allemande un peu plus loin. 
Les résistants é",sad,0.38704821467399597,5
Saint-Étienne,45.43389,4.39,529,"t-à-dire qu'éventuellement, nous pouvions y aller pour 
les vacances de Pâque, par exemple. Ils n'avaient pas d'automobile, nous 
montions par le train, ou nous montions à bicyclette, ou par un autocar.

Et nous avons quitté Saint-Étienne. Nous n'avons pas vu les allemands 
arriver à Saint-Étienne en 1940. Et nous sommes partis dans l'appartement 
que nous avions loué à l'année à Tence.

Donc toute la famille est partie là-bas.

Alors, Tence se trouve, en Hau",neutral,0.974272609,4
Saint-Étienne,45.43389,4.39,529,"vacances de Pâque, par exemple. Ils n'avaient pas d'automobile, nous 
montions par le train, ou nous montions à bicyclette, ou par un autocar.

Et nous avons quitté Saint-Étienne. Nous n'avons pas vu les allemands 
arriver à Saint-Étienne en 1940. Et nous sommes partis dans l'appartement 
que nous avions loué à l'année à Tence.

Donc toute la famille est partie là-bas.

Alors, Tence se trouve, en Haute-Loire, à proximité d'Yssingeaux, qui est 
une sous-préfec",neutral,0.9638956189155579,4
Saint-Étienne,45.43389,4.39,529,"Et puis je suis parti en vacances et toujours en revoir, à Tence, 
toujours à Tence, retrouvant toujours tous mes amis et puis je suis 
redescendu au début de l'année scolaire.

Voilà comment nous avons quitté, en mars 1943, Saint-Étienne, pour 
regagner, toujours, notre petit logement de vacances à Tence, où toute la 
famille s'est installée, sauf moi, parce que, quelques mois avant, nous 
avions une domestique, nous avions eu, avant la guerre de 1939, une 
",neutral,0.6429634690284729,4
Saint-Étienne,45.43389,4.39,529,"moi, parce que, quelques mois avant, nous 
avions une domestique, nous avions eu, avant la guerre de 1939, une 
domestique protestante, dont les parents avaient une ferme en Haute-
Loire, et cette jeune femme est descendue à Saint-Étienne, et nous a dit, 
les dangers sont là, donc, les gens étaient conscients, dans ce moment, 
des dangers, et si vous arrive n'importe quoi, la ferme de mes parents 
vous est ouverte. Et donc, mes parents ont gagné le petit appa",neutral,0.8634520173072815,4
Saint-Étienne,45.43389,4.39,529,"n 1926.  Mon nom, dans la Résistance, était Serge Naudet. Naudet, 
ça correspond à des mouchoirs, donc, j'avais une fausse carte d'été, qui 
cette fois-ci n'était plus marquée du nom de juif, qui émanait de la 
préfecture de Saint-Étienne, par je ne sais quel mécanisme, mais ma carte 
m'avait été remise par la Résistance.

Mes parents, eux, avaient, après, en obtenu aussi de la Résistance, sans 
le croire, obtenu une fausse carte, mais autrement, là, ils avai",neutral,0.7595656514167786,4
Saint-Étienne,45.43389,4.39,529,"ais, ça y est, j'ai retrouvé le contact. J'ai 
dit, merveilleux, et je suis immédiatement reparti à bicyclette au 
Chambon-sur-Lignon, trouver Léon Eyraud, et à dire, monsieur, moi, 
maintenant, j'ai été dans la résistance à Saint-Étienne, mais maintenant, 
je veux une arme, je veux pouvoir me défendre. Et Léon Eyraud m'a dit, 
écoute, mon petit, pour l'instant, on n'a rien.

On n'a pas d'argent, on n'a pas de nourriture, on n'a pas d'armes, on n'a 
rien. Alo",sad,0.6273243427276611,5
Saint-Étienne,45.43389,4.39,529,"ion. Donc, je ne m'occupais pas.

Par contre, d'autres camarades ont attaqué la gendarmerie et ont fait 
prisonner les gendarmes. Et puis, nous avions mis, quand nous sommes 
arrivés à Montfaucon, où il y a une route directe Saint-Étienne à le Puy, 
on nous a dit, attention, les Allemands vont arriver. On a prévenu qu'une 
colonne allait passer.

Alors, on a mis deux sentinelles au carrefour, sur la route de Saint-
Étienne à le Puy. Et puis, on est repartis, ",anger,0.4437629282474518,0
Saint-Étienne,45.43389,4.39,529," arrivé, le 1er septembre, sont arrivés les blindés alliés, 
mais quand les blindés sont arrivés, la résistance française avait 
complètement libéré la route de l'intérieur, la route des Cévennes, 
depuis Nîmes jusqu'à Lyon. Saint-Étienne était libéré aussi. Il s'est 
passé, d'ailleurs, des exactions à Saint-Étienne avec des groupes plus ou 
moins incontrôlés, mais tout était libéré par conséquent.

de ce paysan qui m'a ouvert sa ferme, il savait qu'il pouvai",neutral,0.9728690385818481,4
Saint-Étienne,45.43389,4.39,529,"ndés sont arrivés, la résistance française avait 
complètement libéré la route de l'intérieur, la route des Cévennes, 
depuis Nîmes jusqu'à Lyon. Saint-Étienne était libéré aussi. Il s'est 
passé, d'ailleurs, des exactions à Saint-Étienne avec des groupes plus ou 
moins incontrôlés, mais tout était libéré par conséquent.

de ce paysan qui m'a ouvert sa ferme, il savait qu'il pouvait être 
exécuté par les Allemands si jamais je t'ai capturé. Il y a eu une chos",neutral,0.792064369,4
Saint-Étienne,45.43389,4.39,529,"s née en 1929, au Chambon-sur-Lignon. Ah ! Je suis la seule de la 
famille. Oui.

Mes parents y ont installé une maison de vacances. Et puis, ma maman, je 
suis née, avant que maman ait eu le temps de redescendre en ville à 
Saint-Étienne.

Voilà. Donc, je suis née au Chambon-sur-Lignon.

Ah ! Alors, mes parents y étaient montés pour sortir de la ville, en 
villégiature. Ça s'appelle en villégiature.

Voilà. Et puis, je suis née avant que maman ait eu le temp",neutral,0.9245216250419617,4
Saint-Étienne,45.43389,4.39,529," dimanche, mon père repartait en camionnette. Avec une camionnette. 
Il y avait des bancs derrière, dans la camionnette.

Et il y avait un tas de gens qui venaient sur la terrasse de mes parents 
pour partir en camionnette à Saint-Étienne pour redescendre en ville. 
Alors ça, c'est un souvenir très présent. Alors on voyait des tas de 
gens, on ne savait pas qui c'était.

Il ne fallait rien dire, il ne fallait pas, On n'avait rien vu. Il 
fallait continuer de ",sad,0.8054017424583435,5
Saint-Étienne,45.43389,4.39,529," sur tout ça, il ne fallait rien dire. C'était la 
loi.

Pas toute la guerre, parce qu'après, il y avait. Mon père se cachait. Mon 
père s'est caché à partir d'octobre 1943.

Tout a changé. Ma tante a été déportée. Arrêtée à Saint-Étienne, 
déportée.

Et mon père s'est caché. Nous on était au Chambon-sur-Lignon et ma tante 
était à Saint-Étienne.

Alors là, dans la famille, ça a été. Nos cœurs s'arrêtaient de battre. 
C'est curieux, hein ?

Vous jouez. Allez,",sad,0.9383388757705688,5
Saint-Étienne,45.43389,4.39,529," père se cachait. Mon 
père s'est caché à partir d'octobre 1943.

Tout a changé. Ma tante a été déportée. Arrêtée à Saint-Étienne, 
déportée.

Et mon père s'est caché. Nous on était au Chambon-sur-Lignon et ma tante 
était à Saint-Étienne.

Alors là, dans la famille, ça a été. Nos cœurs s'arrêtaient de battre. 
C'est curieux, hein ?

Vous jouez. Allez, continuez de jouer.

Mon père s'est caché. Ah oui, une grande période. D'octobre 1943 à 
septembre 1944.

Pa",sad,0.8120417594909668,5
Saint-Étienne,45.43389,4.39,529,"as. On passait 
comme.

Mais pas beaucoup dans la campagne quand même. Mais il fallait toujours 
se méfier. Dans le mot d'ordre, tu pédales. Oui.

C'est-à-dire que les classes terminaient tôt. Toutes les classes, on 
était à Saint-Étienne. Oui.

Mais en été, pour les vacances. On passait le mois de juin, pratiquement, 
au Chambon-sur-Lignon. 

Vous êtes allé au Chambon-sur-Lignon pour éviter le bombardement.

Beaucoup, beaucoup.

Maman et nous, nous étions be",neutral,0.9695619344711304,4
Saint-Étienne,45.43389,4.39,529,"aient beaucoup la résistance, et n'étaient pas 
ennemis des Juifs, au contraire, ils ont beaucoup caché les Juifs, ils 
ont beaucoup aidé à la sauvegarde des Juifs.

C'est donc en Haute-Loire, près du Massif Central, près de Saint-Étienne. 
C'est en France, dans les montagnes.

J'ai d'ailleurs quelques photos de cet endroit, si vous voulez les voir 
maintenant, ou tout à l'heure. Donc, à Chambon-sur-Lignon, j'ai eu la 
chance de pouvoir aller au collège. Je s",joy,0.853362501,3
Saint-Étienne,45.43389,4.39,529,"naissances de mes parents, de mon père tout au moins, 
des gens de Mulhouse, qui étaient aussi venus dans cet endroit, mais eux, 
ils étaient venus, je dirais, plus à titre de touristes, parce qu'ils 
avaient trouvé refuge à Saint-Étienne. Et ce sont des gens qui nous ont 
indiqué qu'il y avait aussi, donc, au même endroit, ce même village de 
Tence, il n'y a plus de canton, qu'il y avait un camp où se trouvaient 
des réfugiés juifs, pas des réfugiés, des réf",neutral,0.7797772884368896,4
Saint-Étienne,45.43389,4.39,529,"
J'avais oublié de vous dire qu'à partir de 1943-1944, mon père avait 
décidé aussi de gagner son argent d'une autre façon. Il a fabriqué la 
lingerie féminine, avec des tissus qu'il achetait chez des anciens 
fournisseurs à Saint-Étienne. La découpe était faite à partir de patrons 
de couture qu'on achetait en papier, qui étaient faits pour les gens qui 
voulaient fabriquer et faire leurs vêtements eux-mêmes.

Donc mon père achetait des modèles comme ça, et ",neutral,0.9708865284919739,4
Saint-Étienne,45.43389,4.39,529,". On 
vivait dans les bois, constamment dans les bois.

Et on était sévère, comme on peut l'être avec un enfant. Il y avait une 
discipline à observer.

Mais sinon, on avait une liberté totale, totale.

Alors, en tout cas de Saint-Étienne, oui, on y accédait. C'est 
extraordinaire que tu poses la question. Parce qu'il y a un personnage 
important qui était le train.

Donc, on prenait la ligne normale de Saint-Étienne jusqu'à Dunière, une 
petite ville, Dunièr",neutral,0.9562190771102905,4
Saint-Étienne,45.43389,4.39,529,"rté totale, totale.

Alors, en tout cas de Saint-Étienne, oui, on y accédait. C'est 
extraordinaire que tu poses la question. Parce qu'il y a un personnage 
important qui était le train.

Donc, on prenait la ligne normale de Saint-Étienne jusqu'à Dunière, une 
petite ville, Dunière. Et là, on changeait à Dunière. Et on prenait un 
train, si on appelle ça un train, petite ligne de campagne, qui 
rejoignait Dunière à.

Il allait jusqu'à Saint-André, je crois. B",neutral,0.827251136,4
Saint-Étienne,45.43389,4.39,529," tout. On ne les voyait jamais.

Il n'y avait pas d'occupation. Il n'y avait pas d'Allemands au 
Chambon-sur-Lignon. Jamais.

Donc je ne savais même pas ce que c'était. J'avais oublié. J'en avais vu 
à Paris, j'en avais vu à Saint-Étienne, mais non, ce n'était pas ma 
préoccupation du tout.

Et puis on prenait soin que ce ne soit pas ma préoccupation. On nous 
protégeait.

Et en fait, quand on était au Grillons, donc après le débarquement, 
Saint-Étienne étai",neutral,0.5127462148666382,4
Saint-Étienne,45.43389,4.39,529,"vu à Saint-Étienne, mais non, ce n'était pas ma 
préoccupation du tout.

Et puis on prenait soin que ce ne soit pas ma préoccupation. On nous 
protégeait.

Et en fait, quand on était au Grillons, donc après le débarquement, 
Saint-Étienne était toujours occupée. Probablement que ça devenait 
dangereux. Mes parents sont venus habiter le Chambon-sur-Lignon.

Ils ont loué un appartement dans une très belle maison qui s'appelait le 
Pré de Grennes. C'était une tr",neutral,0.9773187041282654,4
Yssingeaux,45.14282,4.12372,864,"tes ne sont pas fondés pour faire quelque chose par la suite. 
C'est-à-dire que, disons qu'il y avait un Allemand qui était hébergé dans 
une des pensions au Chambon-sur-Lignon qui était très bien avec la 
Gestapo attender à Yssingeaux.

Je ne sais pas, à un certain moment, moi j'ai senti qu'il fallait quitter 
les lieux et je suis parti. Bon, il n'y a rien eu de ça, mais ça aurait 
pu se produire. Je suis parti avec le neveu du pasteur Theis pour aller 
e",neutral,0.9558279514312744,4
Yssingeaux,45.14282,4.12372,864,"rot, je l'ai emmenée chez Mme Barot dans l'espoir qu'il 
resterait. Parce que je savais qu'avec elle, c'était possible.

Donc, elle lui a dit, écoutez, M. Liwerant, elle dit, nous, on fait le 
voyage, le Chambon-sur-Lignon à Yssingeaux, c'est-à-dire vraiment des 
coins perdus, au pied du Mont Mézenc, c'est le plus haut sommet des 
Cévennes. Et là-haut, elle dit, c'est juste si on sait qu'il y a une 
ferme là-bas, tellement c'était désert.

Elle dit, on peu",neutral,0.9206409454345703,4
Yssingeaux,45.14282,4.12372,864,"s allemands 
arriver à Saint-Étienne en 1940. Et nous sommes partis dans l'appartement 
que nous avions loué à l'année à Tence.

Donc toute la famille est partie là-bas.

Alors, Tence se trouve, en Haute-Loire, à proximité d'Yssingeaux, qui est 
une sous-préfecture. C'est à une quinzaine de kilomètres du Gerbier de 
Jonc, la source de la Loire, et du Mézenc, qui est le point culminant des 
Cévennes. C'est en Haute-Loire, c'est un village des Cévennes.

On ",neutral,0.9755986332893372,4
