Source,Target,Weight,EdgeType,Location,X_Coord,Y_Coord,Z_Coord,BookID,LocationWindow_Sentence,ContextWinStart,ContextWinEnd,Events,Supersense,QuoteText
0,16,1,scene_copresence,Le Chambon-sur-Lignon,45.06081,4.302941,961,Sauvage_50.030.0202_Plateau,1,0,2,,,
0,33,1,scene_copresence,Le Chambon-sur-Lignon,45.06081,4.302941,961,Sauvage_50.030.0202_Plateau,1,0,2,,,
16,33,1,scene_copresence,Le Chambon-sur-Lignon,45.06081,4.302941,961,Sauvage_50.030.0202_Plateau,1,0,2,,,
0,33,1,scene_copresence,Le Chambon-sur-Lignon,45.06081,4.302941,961,Sauvage_50.030.0202_Plateau,2,1,3,,,
0,35,1,scene_copresence,Le Chambon-sur-Lignon,45.06081,4.302941,961,Sauvage_50.030.0202_Plateau,2,1,3,,,
33,35,1,scene_copresence,Le Chambon-sur-Lignon,45.06081,4.302941,961,Sauvage_50.030.0202_Plateau,2,1,3,,,
0,33,1,scene_copresence,Le Chambon-sur-Lignon,45.06081,4.302941,961,Sauvage_50.030.0202_Plateau,4,3,5,,,
0,35,1,scene_copresence,Le Chambon-sur-Lignon,45.06081,4.302941,961,Sauvage_50.030.0202_Plateau,4,3,5,,,
0,36,1,scene_copresence,Le Chambon-sur-Lignon,45.06081,4.302941,961,Sauvage_50.030.0202_Plateau,4,3,5,,,
0,37,1,scene_copresence,Le Chambon-sur-Lignon,45.06081,4.302941,961,Sauvage_50.030.0202_Plateau,4,3,5,,,
0,40,1,scene_copresence,Le Chambon-sur-Lignon,45.06081,4.302941,961,Sauvage_50.030.0202_Plateau,4,3,5,,,
33,35,1,scene_copresence,Le Chambon-sur-Lignon,45.06081,4.302941,961,Sauvage_50.030.0202_Plateau,4,3,5,,,
33,36,1,scene_copresence,Le Chambon-sur-Lignon,45.06081,4.302941,961,Sauvage_50.030.0202_Plateau,4,3,5,,,
33,37,1,scene_copresence,Le Chambon-sur-Lignon,45.06081,4.302941,961,Sauvage_50.030.0202_Plateau,4,3,5,,,
33,40,1,scene_copresence,Le Chambon-sur-Lignon,45.06081,4.302941,961,Sauvage_50.030.0202_Plateau,4,3,5,,,
35,36,1,scene_copresence,Le Chambon-sur-Lignon,45.06081,4.302941,961,Sauvage_50.030.0202_Plateau,4,3,5,,,
35,37,1,scene_copresence,Le Chambon-sur-Lignon,45.06081,4.302941,961,Sauvage_50.030.0202_Plateau,4,3,5,,,
35,40,1,scene_copresence,Le Chambon-sur-Lignon,45.06081,4.302941,961,Sauvage_50.030.0202_Plateau,4,3,5,,,
36,37,1,scene_copresence,Le Chambon-sur-Lignon,45.06081,4.302941,961,Sauvage_50.030.0202_Plateau,4,3,5,,,
36,40,1,scene_copresence,Le Chambon-sur-Lignon,45.06081,4.302941,961,Sauvage_50.030.0202_Plateau,4,3,5,,,
37,40,1,scene_copresence,Le Chambon-sur-Lignon,45.06081,4.302941,961,Sauvage_50.030.0202_Plateau,4,3,5,,,
0,35,1,scene_copresence,Le Chambon-sur-Lignon,45.06081,4.302941,961,Sauvage_50.030.0202_Plateau,9,8,10,,,
0,37,1,scene_copresence,Le Chambon-sur-Lignon,45.06081,4.302941,961,Sauvage_50.030.0202_Plateau,9,8,10,,,
0,44,1,scene_copresence,Le Chambon-sur-Lignon,45.06081,4.302941,961,Sauvage_50.030.0202_Plateau,9,8,10,,,
0,47,1,scene_copresence,Le Chambon-sur-Lignon,45.06081,4.302941,961,Sauvage_50.030.0202_Plateau,9,8,10,,,
35,37,1,scene_copresence,Le Chambon-sur-Lignon,45.06081,4.302941,961,Sauvage_50.030.0202_Plateau,9,8,10,,,
35,44,1,scene_copresence,Le Chambon-sur-Lignon,45.06081,4.302941,961,Sauvage_50.030.0202_Plateau,9,8,10,,,
35,47,1,scene_copresence,Le Chambon-sur-Lignon,45.06081,4.302941,961,Sauvage_50.030.0202_Plateau,9,8,10,,,
37,44,1,scene_copresence,Le Chambon-sur-Lignon,45.06081,4.302941,961,Sauvage_50.030.0202_Plateau,9,8,10,,,
37,47,1,scene_copresence,Le Chambon-sur-Lignon,45.06081,4.302941,961,Sauvage_50.030.0202_Plateau,9,8,10,,,
44,47,1,scene_copresence,Le Chambon-sur-Lignon,45.06081,4.302941,961,Sauvage_50.030.0202_Plateau,9,8,10,,,
0,17,1,scene_copresence,Le Chambon-sur-Lignon,45.06081,4.302941,961,Sauvage_50.030.0202_Plateau,12,11,13,,,
0,18,1,scene_copresence,Le Chambon-sur-Lignon,45.06081,4.302941,961,Sauvage_50.030.0202_Plateau,12,11,13,,,
0,19,1,scene_copresence,Le Chambon-sur-Lignon,45.06081,4.302941,961,Sauvage_50.030.0202_Plateau,12,11,13,,,
0,35,1,scene_copresence,Le Chambon-sur-Lignon,45.06081,4.302941,961,Sauvage_50.030.0202_Plateau,12,11,13,,,
0,53,1,scene_copresence,Le Chambon-sur-Lignon,45.06081,4.302941,961,Sauvage_50.030.0202_Plateau,12,11,13,,,
0,56,1,scene_copresence,Le Chambon-sur-Lignon,45.06081,4.302941,961,Sauvage_50.030.0202_Plateau,12,11,13,,,
0,57,1,scene_copresence,Le Chambon-sur-Lignon,45.06081,4.302941,961,Sauvage_50.030.0202_Plateau,12,11,13,,,
0,59,1,scene_copresence,Le Chambon-sur-Lignon,45.06081,4.302941,961,Sauvage_50.030.0202_Plateau,12,11,13,,,
0,61,1,scene_copresence,Le Chambon-sur-Lignon,45.06081,4.302941,961,Sauvage_50.030.0202_Plateau,12,11,13,,,
0,62,1,scene_copresence,Le Chambon-sur-Lignon,45.06081,4.302941,961,Sauvage_50.030.0202_Plateau,12,11,13,,,
0,63,1,scene_copresence,Le Chambon-sur-Lignon,45.06081,4.302941,961,Sauvage_50.030.0202_Plateau,12,11,13,,,
0,64,1,scene_copresence,Le Chambon-sur-Lignon,45.06081,4.302941,961,Sauvage_50.030.0202_Plateau,12,11,13,,,
0,67,1,scene_copresence,Le Chambon-sur-Lignon,45.06081,4.302941,961,Sauvage_50.030.0202_Plateau,12,11,13,,,
17,18,1,scene_copresence,Le Chambon-sur-Lignon,45.06081,4.302941,961,Sauvage_50.030.0202_Plateau,12,11,13,,,
17,19,1,scene_copresence,Le Chambon-sur-Lignon,45.06081,4.302941,961,Sauvage_50.030.0202_Plateau,12,11,13,,,
17,35,1,scene_copresence,Le Chambon-sur-Lignon,45.06081,4.302941,961,Sauvage_50.030.0202_Plateau,12,11,13,,,
17,53,1,scene_copresence,Le Chambon-sur-Lignon,45.06081,4.302941,961,Sauvage_50.030.0202_Plateau,12,11,13,,,
17,56,1,scene_copresence,Le Chambon-sur-Lignon,45.06081,4.302941,961,Sauvage_50.030.0202_Plateau,12,11,13,,,
17,57,1,scene_copresence,Le Chambon-sur-Lignon,45.06081,4.302941,961,Sauvage_50.030.0202_Plateau,12,11,13,,,
17,59,1,scene_copresence,Le Chambon-sur-Lignon,45.06081,4.302941,961,Sauvage_50.030.0202_Plateau,12,11,13,,,
17,61,1,scene_copresence,Le Chambon-sur-Lignon,45.06081,4.302941,961,Sauvage_50.030.0202_Plateau,12,11,13,,,
17,62,1,scene_copresence,Le Chambon-sur-Lignon,45.06081,4.302941,961,Sauvage_50.030.0202_Plateau,12,11,13,,,
17,63,1,scene_copresence,Le Chambon-sur-Lignon,45.06081,4.302941,961,Sauvage_50.030.0202_Plateau,12,11,13,,,
17,64,1,scene_copresence,Le Chambon-sur-Lignon,45.06081,4.302941,961,Sauvage_50.030.0202_Plateau,12,11,13,,,
17,67,1,scene_copresence,Le Chambon-sur-Lignon,45.06081,4.302941,961,Sauvage_50.030.0202_Plateau,12,11,13,,,
18,19,1,scene_copresence,Le Chambon-sur-Lignon,45.06081,4.302941,961,Sauvage_50.030.0202_Plateau,12,11,13,,,
18,35,1,scene_copresence,Le Chambon-sur-Lignon,45.06081,4.302941,961,Sauvage_50.030.0202_Plateau,12,11,13,,,
18,53,1,scene_copresence,Le Chambon-sur-Lignon,45.06081,4.302941,961,Sauvage_50.030.0202_Plateau,12,11,13,,,
18,56,1,scene_copresence,Le Chambon-sur-Lignon,45.06081,4.302941,961,Sauvage_50.030.0202_Plateau,12,11,13,,,
18,57,1,scene_copresence,Le Chambon-sur-Lignon,45.06081,4.302941,961,Sauvage_50.030.0202_Plateau,12,11,13,,,
18,59,1,scene_copresence,Le Chambon-sur-Lignon,45.06081,4.302941,961,Sauvage_50.030.0202_Plateau,12,11,13,,,
18,61,1,scene_copresence,Le Chambon-sur-Lignon,45.06081,4.302941,961,Sauvage_50.030.0202_Plateau,12,11,13,,,
18,62,1,scene_copresence,Le Chambon-sur-Lignon,45.06081,4.302941,961,Sauvage_50.030.0202_Plateau,12,11,13,,,
18,63,1,scene_copresence,Le Chambon-sur-Lignon,45.06081,4.302941,961,Sauvage_50.030.0202_Plateau,12,11,13,,,
18,64,1,scene_copresence,Le Chambon-sur-Lignon,45.06081,4.302941,961,Sauvage_50.030.0202_Plateau,12,11,13,,,
18,67,1,scene_copresence,Le Chambon-sur-Lignon,45.06081,4.302941,961,Sauvage_50.030.0202_Plateau,12,11,13,,,
19,35,1,scene_copresence,Le Chambon-sur-Lignon,45.06081,4.302941,961,Sauvage_50.030.0202_Plateau,12,11,13,,,
19,53,1,scene_copresence,Le Chambon-sur-Lignon,45.06081,4.302941,961,Sauvage_50.030.0202_Plateau,12,11,13,,,
19,56,1,scene_copresence,Le Chambon-sur-Lignon,45.06081,4.302941,961,Sauvage_50.030.0202_Plateau,12,11,13,,,
19,57,1,scene_copresence,Le Chambon-sur-Lignon,45.06081,4.302941,961,Sauvage_50.030.0202_Plateau,12,11,13,,,
19,59,1,scene_copresence,Le Chambon-sur-Lignon,45.06081,4.302941,961,Sauvage_50.030.0202_Plateau,12,11,13,,,
19,61,1,scene_copresence,Le Chambon-sur-Lignon,45.06081,4.302941,961,Sauvage_50.030.0202_Plateau,12,11,13,,,
19,62,1,scene_copresence,Le Chambon-sur-Lignon,45.06081,4.302941,961,Sauvage_50.030.0202_Plateau,12,11,13,,,
19,63,1,scene_copresence,Le Chambon-sur-Lignon,45.06081,4.302941,961,Sauvage_50.030.0202_Plateau,12,11,13,,,
19,64,1,scene_copresence,Le Chambon-sur-Lignon,45.06081,4.302941,961,Sauvage_50.030.0202_Plateau,12,11,13,,,
19,67,1,scene_copresence,Le Chambon-sur-Lignon,45.06081,4.302941,961,Sauvage_50.030.0202_Plateau,12,11,13,,,
35,53,1,scene_copresence,Le Chambon-sur-Lignon,45.06081,4.302941,961,Sauvage_50.030.0202_Plateau,12,11,13,,,
35,56,1,scene_copresence,Le Chambon-sur-Lignon,45.06081,4.302941,961,Sauvage_50.030.0202_Plateau,12,11,13,,,
35,57,1,scene_copresence,Le Chambon-sur-Lignon,45.06081,4.302941,961,Sauvage_50.030.0202_Plateau,12,11,13,,,
35,59,1,scene_copresence,Le Chambon-sur-Lignon,45.06081,4.302941,961,Sauvage_50.030.0202_Plateau,12,11,13,,,
35,61,1,scene_copresence,Le Chambon-sur-Lignon,45.06081,4.302941,961,Sauvage_50.030.0202_Plateau,12,11,13,,,
35,62,1,scene_copresence,Le Chambon-sur-Lignon,45.06081,4.302941,961,Sauvage_50.030.0202_Plateau,12,11,13,,,
35,63,1,scene_copresence,Le Chambon-sur-Lignon,45.06081,4.302941,961,Sauvage_50.030.0202_Plateau,12,11,13,,,
35,64,1,scene_copresence,Le Chambon-sur-Lignon,45.06081,4.302941,961,Sauvage_50.030.0202_Plateau,12,11,13,,,
35,67,1,scene_copresence,Le Chambon-sur-Lignon,45.06081,4.302941,961,Sauvage_50.030.0202_Plateau,12,11,13,,,
53,56,1,scene_copresence,Le Chambon-sur-Lignon,45.06081,4.302941,961,Sauvage_50.030.0202_Plateau,12,11,13,,,
53,57,1,scene_copresence,Le Chambon-sur-Lignon,45.06081,4.302941,961,Sauvage_50.030.0202_Plateau,12,11,13,,,
53,59,1,scene_copresence,Le Chambon-sur-Lignon,45.06081,4.302941,961,Sauvage_50.030.0202_Plateau,12,11,13,,,
53,61,1,scene_copresence,Le Chambon-sur-Lignon,45.06081,4.302941,961,Sauvage_50.030.0202_Plateau,12,11,13,,,
53,62,1,scene_copresence,Le Chambon-sur-Lignon,45.06081,4.302941,961,Sauvage_50.030.0202_Plateau,12,11,13,,,
53,63,1,scene_copresence,Le Chambon-sur-Lignon,45.06081,4.302941,961,Sauvage_50.030.0202_Plateau,12,11,13,,,
53,64,1,scene_copresence,Le Chambon-sur-Lignon,45.06081,4.302941,961,Sauvage_50.030.0202_Plateau,12,11,13,,,
53,67,1,scene_copresence,Le Chambon-sur-Lignon,45.06081,4.302941,961,Sauvage_50.030.0202_Plateau,12,11,13,,,
56,57,1,scene_copresence,Le Chambon-sur-Lignon,45.06081,4.302941,961,Sauvage_50.030.0202_Plateau,12,11,13,,,
56,59,1,scene_copresence,Le Chambon-sur-Lignon,45.06081,4.302941,961,Sauvage_50.030.0202_Plateau,12,11,13,,,
56,61,1,scene_copresence,Le Chambon-sur-Lignon,45.06081,4.302941,961,Sauvage_50.030.0202_Plateau,12,11,13,,,
56,62,1,scene_copresence,Le Chambon-sur-Lignon,45.06081,4.302941,961,Sauvage_50.030.0202_Plateau,12,11,13,,,
56,63,1,scene_copresence,Le Chambon-sur-Lignon,45.06081,4.302941,961,Sauvage_50.030.0202_Plateau,12,11,13,,,
56,64,1,scene_copresence,Le Chambon-sur-Lignon,45.06081,4.302941,961,Sauvage_50.030.0202_Plateau,12,11,13,,,
56,67,1,scene_copresence,Le Chambon-sur-Lignon,45.06081,4.302941,961,Sauvage_50.030.0202_Plateau,12,11,13,,,
57,59,1,scene_copresence,Le Chambon-sur-Lignon,45.06081,4.302941,961,Sauvage_50.030.0202_Plateau,12,11,13,,,
57,61,1,scene_copresence,Le Chambon-sur-Lignon,45.06081,4.302941,961,Sauvage_50.030.0202_Plateau,12,11,13,,,
57,62,1,scene_copresence,Le Chambon-sur-Lignon,45.06081,4.302941,961,Sauvage_50.030.0202_Plateau,12,11,13,,,
57,63,1,scene_copresence,Le Chambon-sur-Lignon,45.06081,4.302941,961,Sauvage_50.030.0202_Plateau,12,11,13,,,
57,64,1,scene_copresence,Le Chambon-sur-Lignon,45.06081,4.302941,961,Sauvage_50.030.0202_Plateau,12,11,13,,,
57,67,1,scene_copresence,Le Chambon-sur-Lignon,45.06081,4.302941,961,Sauvage_50.030.0202_Plateau,12,11,13,,,
59,61,1,scene_copresence,Le Chambon-sur-Lignon,45.06081,4.302941,961,Sauvage_50.030.0202_Plateau,12,11,13,,,
59,62,1,scene_copresence,Le Chambon-sur-Lignon,45.06081,4.302941,961,Sauvage_50.030.0202_Plateau,12,11,13,,,
59,63,1,scene_copresence,Le Chambon-sur-Lignon,45.06081,4.302941,961,Sauvage_50.030.0202_Plateau,12,11,13,,,
59,64,1,scene_copresence,Le Chambon-sur-Lignon,45.06081,4.302941,961,Sauvage_50.030.0202_Plateau,12,11,13,,,
59,67,1,scene_copresence,Le Chambon-sur-Lignon,45.06081,4.302941,961,Sauvage_50.030.0202_Plateau,12,11,13,,,
61,62,1,scene_copresence,Le Chambon-sur-Lignon,45.06081,4.302941,961,Sauvage_50.030.0202_Plateau,12,11,13,,,
61,63,1,scene_copresence,Le Chambon-sur-Lignon,45.06081,4.302941,961,Sauvage_50.030.0202_Plateau,12,11,13,,,
61,64,1,scene_copresence,Le Chambon-sur-Lignon,45.06081,4.302941,961,Sauvage_50.030.0202_Plateau,12,11,13,,,
61,67,1,scene_copresence,Le Chambon-sur-Lignon,45.06081,4.302941,961,Sauvage_50.030.0202_Plateau,12,11,13,,,
62,63,1,scene_copresence,Le Chambon-sur-Lignon,45.06081,4.302941,961,Sauvage_50.030.0202_Plateau,12,11,13,,,
62,64,1,scene_copresence,Le Chambon-sur-Lignon,45.06081,4.302941,961,Sauvage_50.030.0202_Plateau,12,11,13,,,
62,67,1,scene_copresence,Le Chambon-sur-Lignon,45.06081,4.302941,961,Sauvage_50.030.0202_Plateau,12,11,13,,,
63,64,1,scene_copresence,Le Chambon-sur-Lignon,45.06081,4.302941,961,Sauvage_50.030.0202_Plateau,12,11,13,,,
63,67,1,scene_copresence,Le Chambon-sur-Lignon,45.06081,4.302941,961,Sauvage_50.030.0202_Plateau,12,11,13,,,
64,67,1,scene_copresence,Le Chambon-sur-Lignon,45.06081,4.302941,961,Sauvage_50.030.0202_Plateau,12,11,13,,,
0,35,1,scene_copresence,Le Chambon-sur-Lignon,45.06081,4.302941,961,Sauvage_50.030.0202_Plateau,15,14,16,,,
0,70,1,scene_copresence,Le Chambon-sur-Lignon,45.06081,4.302941,961,Sauvage_50.030.0202_Plateau,15,14,16,,,
0,72,1,scene_copresence,Le Chambon-sur-Lignon,45.06081,4.302941,961,Sauvage_50.030.0202_Plateau,15,14,16,,,
0,75,1,scene_copresence,Le Chambon-sur-Lignon,45.06081,4.302941,961,Sauvage_50.030.0202_Plateau,15,14,16,,,
35,70,1,scene_copresence,Le Chambon-sur-Lignon,45.06081,4.302941,961,Sauvage_50.030.0202_Plateau,15,14,16,,,
35,72,1,scene_copresence,Le Chambon-sur-Lignon,45.06081,4.302941,961,Sauvage_50.030.0202_Plateau,15,14,16,,,
35,75,1,scene_copresence,Le Chambon-sur-Lignon,45.06081,4.302941,961,Sauvage_50.030.0202_Plateau,15,14,16,,,
70,72,1,scene_copresence,Le Chambon-sur-Lignon,45.06081,4.302941,961,Sauvage_50.030.0202_Plateau,15,14,16,,,
70,75,1,scene_copresence,Le Chambon-sur-Lignon,45.06081,4.302941,961,Sauvage_50.030.0202_Plateau,15,14,16,,,
72,75,1,scene_copresence,Le Chambon-sur-Lignon,45.06081,4.302941,961,Sauvage_50.030.0202_Plateau,15,14,16,,,
0,35,1,scene_copresence,La Fayolle,45.0535,4.28556,1002,Sauvage_50.030.0202_Plateau,15,14,16,,,
0,70,1,scene_copresence,La Fayolle,45.0535,4.28556,1002,Sauvage_50.030.0202_Plateau,15,14,16,,,
0,72,1,scene_copresence,La Fayolle,45.0535,4.28556,1002,Sauvage_50.030.0202_Plateau,15,14,16,,,
0,75,1,scene_copresence,La Fayolle,45.0535,4.28556,1002,Sauvage_50.030.0202_Plateau,15,14,16,,,
35,70,1,scene_copresence,La Fayolle,45.0535,4.28556,1002,Sauvage_50.030.0202_Plateau,15,14,16,,,
35,72,1,scene_copresence,La Fayolle,45.0535,4.28556,1002,Sauvage_50.030.0202_Plateau,15,14,16,,,
35,75,1,scene_copresence,La Fayolle,45.0535,4.28556,1002,Sauvage_50.030.0202_Plateau,15,14,16,,,
70,72,1,scene_copresence,La Fayolle,45.0535,4.28556,1002,Sauvage_50.030.0202_Plateau,15,14,16,,,
70,75,1,scene_copresence,La Fayolle,45.0535,4.28556,1002,Sauvage_50.030.0202_Plateau,15,14,16,,,
72,75,1,scene_copresence,La Fayolle,45.0535,4.28556,1002,Sauvage_50.030.0202_Plateau,15,14,16,,,
0,20,1,scene_copresence,Le Chambon-sur-Lignon,45.06081,4.302941,961,Sauvage_50.030.0202_Plateau,25,24,26,,,
0,83,1,scene_copresence,Le Chambon-sur-Lignon,45.06081,4.302941,961,Sauvage_50.030.0202_Plateau,25,24,26,,,
0,84,1,scene_copresence,Le Chambon-sur-Lignon,45.06081,4.302941,961,Sauvage_50.030.0202_Plateau,25,24,26,,,
20,83,1,scene_copresence,Le Chambon-sur-Lignon,45.06081,4.302941,961,Sauvage_50.030.0202_Plateau,25,24,26,,,
20,84,1,scene_copresence,Le Chambon-sur-Lignon,45.06081,4.302941,961,Sauvage_50.030.0202_Plateau,25,24,26,,,
83,84,1,scene_copresence,Le Chambon-sur-Lignon,45.06081,4.302941,961,Sauvage_50.030.0202_Plateau,25,24,26,,,
0,22,1,scene_copresence,Le Chambon-sur-Lignon,45.06081,4.302941,961,Sauvage_50.030.0202_Plateau,38,37,39,,,
0,83,1,scene_copresence,Le Chambon-sur-Lignon,45.06081,4.302941,961,Sauvage_50.030.0202_Plateau,38,37,39,,,
0,92,1,scene_copresence,Le Chambon-sur-Lignon,45.06081,4.302941,961,Sauvage_50.030.0202_Plateau,38,37,39,,,
0,94,1,scene_copresence,Le Chambon-sur-Lignon,45.06081,4.302941,961,Sauvage_50.030.0202_Plateau,38,37,39,,,
0,95,1,scene_copresence,Le Chambon-sur-Lignon,45.06081,4.302941,961,Sauvage_50.030.0202_Plateau,38,37,39,,,
22,83,1,scene_copresence,Le Chambon-sur-Lignon,45.06081,4.302941,961,Sauvage_50.030.0202_Plateau,38,37,39,,,
22,92,1,scene_copresence,Le Chambon-sur-Lignon,45.06081,4.302941,961,Sauvage_50.030.0202_Plateau,38,37,39,,,
22,94,1,scene_copresence,Le Chambon-sur-Lignon,45.06081,4.302941,961,Sauvage_50.030.0202_Plateau,38,37,39,,,
22,95,1,scene_copresence,Le Chambon-sur-Lignon,45.06081,4.302941,961,Sauvage_50.030.0202_Plateau,38,37,39,,,
83,92,1,scene_copresence,Le Chambon-sur-Lignon,45.06081,4.302941,961,Sauvage_50.030.0202_Plateau,38,37,39,,,
83,94,1,scene_copresence,Le Chambon-sur-Lignon,45.06081,4.302941,961,Sauvage_50.030.0202_Plateau,38,37,39,,,
83,95,1,scene_copresence,Le Chambon-sur-Lignon,45.06081,4.302941,961,Sauvage_50.030.0202_Plateau,38,37,39,,,
92,94,1,scene_copresence,Le Chambon-sur-Lignon,45.06081,4.302941,961,Sauvage_50.030.0202_Plateau,38,37,39,,,
92,95,1,scene_copresence,Le Chambon-sur-Lignon,45.06081,4.302941,961,Sauvage_50.030.0202_Plateau,38,37,39,,,
94,95,1,scene_copresence,Le Chambon-sur-Lignon,45.06081,4.302941,961,Sauvage_50.030.0202_Plateau,38,37,39,,,
102,22,1,scene_copresence,Le Chambon-sur-Lignon,45.06081,4.302941,961,Sauvage_50.030.0202_Plateau,56,55,57,,,
102,83,1,scene_copresence,Le Chambon-sur-Lignon,45.06081,4.302941,961,Sauvage_50.030.0202_Plateau,56,55,57,,,
22,83,1,scene_copresence,Le Chambon-sur-Lignon,45.06081,4.302941,961,Sauvage_50.030.0202_Plateau,56,55,57,,,
102,104,1,scene_copresence,Le Chambon-sur-Lignon,45.06081,4.302941,961,Sauvage_50.030.0202_Plateau,58,57,59,,,
102,22,1,scene_copresence,Le Chambon-sur-Lignon,45.06081,4.302941,961,Sauvage_50.030.0202_Plateau,58,57,59,,,
102,83,1,scene_copresence,Le Chambon-sur-Lignon,45.06081,4.302941,961,Sauvage_50.030.0202_Plateau,58,57,59,,,
104,22,1,scene_copresence,Le Chambon-sur-Lignon,45.06081,4.302941,961,Sauvage_50.030.0202_Plateau,58,57,59,,,
104,83,1,scene_copresence,Le Chambon-sur-Lignon,45.06081,4.302941,961,Sauvage_50.030.0202_Plateau,58,57,59,,,
22,83,1,scene_copresence,Le Chambon-sur-Lignon,45.06081,4.302941,961,Sauvage_50.030.0202_Plateau,58,57,59,,,
104,83,1,scene_copresence,Plateau Vivarais,45.06081,4.302941,961,Sauvage_50.030.0202_Plateau,60,59,61,,,
104,83,1,dialogue,Plateau Vivarais,45.06081,4.302941,961,Sauvage_50.030.0202_Plateau,60,59,61,,, Le Plateau 
0,110,1,scene_copresence,Le Chambon-sur-Lignon,45.06081,4.302941,961,Sauvage_50.030.0202_Plateau,63,62,64,,,
23,4,1,scene_copresence,Le Chambon-sur-Lignon,45.06081,4.302941,961,Sauvage_50.030.0202_Plateau,66,65,67,,,
112,23,1,scene_copresence,Le Chambon-sur-Lignon,45.06081,4.302941,961,Sauvage_50.030.0202_Plateau,67,66,68,,,
112,4,1,scene_copresence,Le Chambon-sur-Lignon,45.06081,4.302941,961,Sauvage_50.030.0202_Plateau,67,66,68,,,
23,4,1,scene_copresence,Le Chambon-sur-Lignon,45.06081,4.302941,961,Sauvage_50.030.0202_Plateau,67,66,68,,,
0,112,1,scene_copresence,Le Chambon-sur-Lignon,45.06081,4.302941,961,Sauvage_50.030.0202_Plateau,73,72,74,,,
0,115,1,scene_copresence,Le Chambon-sur-Lignon,45.06081,4.302941,961,Sauvage_50.030.0202_Plateau,73,72,74,,,
0,117,1,scene_copresence,Le Chambon-sur-Lignon,45.06081,4.302941,961,Sauvage_50.030.0202_Plateau,73,72,74,,,
0,25,1,scene_copresence,Le Chambon-sur-Lignon,45.06081,4.302941,961,Sauvage_50.030.0202_Plateau,73,72,74,,,
0,4,1,scene_copresence,Le Chambon-sur-Lignon,45.06081,4.302941,961,Sauvage_50.030.0202_Plateau,73,72,74,,,
112,115,1,scene_copresence,Le Chambon-sur-Lignon,45.06081,4.302941,961,Sauvage_50.030.0202_Plateau,73,72,74,,,
112,117,1,scene_copresence,Le Chambon-sur-Lignon,45.06081,4.302941,961,Sauvage_50.030.0202_Plateau,73,72,74,,,
112,25,1,scene_copresence,Le Chambon-sur-Lignon,45.06081,4.302941,961,Sauvage_50.030.0202_Plateau,73,72,74,,,
112,4,1,scene_copresence,Le Chambon-sur-Lignon,45.06081,4.302941,961,Sauvage_50.030.0202_Plateau,73,72,74,,,
115,117,1,scene_copresence,Le Chambon-sur-Lignon,45.06081,4.302941,961,Sauvage_50.030.0202_Plateau,73,72,74,,,
115,25,1,scene_copresence,Le Chambon-sur-Lignon,45.06081,4.302941,961,Sauvage_50.030.0202_Plateau,73,72,74,,,
115,4,1,scene_copresence,Le Chambon-sur-Lignon,45.06081,4.302941,961,Sauvage_50.030.0202_Plateau,73,72,74,,,
117,25,1,scene_copresence,Le Chambon-sur-Lignon,45.06081,4.302941,961,Sauvage_50.030.0202_Plateau,73,72,74,,,
117,4,1,scene_copresence,Le Chambon-sur-Lignon,45.06081,4.302941,961,Sauvage_50.030.0202_Plateau,73,72,74,,,
25,4,1,scene_copresence,Le Chambon-sur-Lignon,45.06081,4.302941,961,Sauvage_50.030.0202_Plateau,73,72,74,,,
0,115,1,scene_copresence,Le Chambon-sur-Lignon,45.06081,4.302941,961,Sauvage_50.030.0202_Plateau,74,73,75,,,
0,117,1,scene_copresence,Le Chambon-sur-Lignon,45.06081,4.302941,961,Sauvage_50.030.0202_Plateau,74,73,75,,,
0,25,1,scene_copresence,Le Chambon-sur-Lignon,45.06081,4.302941,961,Sauvage_50.030.0202_Plateau,74,73,75,,,
0,4,1,scene_copresence,Le Chambon-sur-Lignon,45.06081,4.302941,961,Sauvage_50.030.0202_Plateau,74,73,75,,,
115,117,1,scene_copresence,Le Chambon-sur-Lignon,45.06081,4.302941,961,Sauvage_50.030.0202_Plateau,74,73,75,,,
115,25,1,scene_copresence,Le Chambon-sur-Lignon,45.06081,4.302941,961,Sauvage_50.030.0202_Plateau,74,73,75,,,
115,4,1,scene_copresence,Le Chambon-sur-Lignon,45.06081,4.302941,961,Sauvage_50.030.0202_Plateau,74,73,75,,,
117,25,1,scene_copresence,Le Chambon-sur-Lignon,45.06081,4.302941,961,Sauvage_50.030.0202_Plateau,74,73,75,,,
117,4,1,scene_copresence,Le Chambon-sur-Lignon,45.06081,4.302941,961,Sauvage_50.030.0202_Plateau,74,73,75,,,
25,4,1,scene_copresence,Le Chambon-sur-Lignon,45.06081,4.302941,961,Sauvage_50.030.0202_Plateau,74,73,75,,,
0,119,1,scene_copresence,Le Chambon-sur-Lignon,45.06081,4.302941,961,Sauvage_50.030.0202_Plateau,79,78,80,,,
0,121,1,scene_copresence,Le Chambon-sur-Lignon,45.06081,4.302941,961,Sauvage_50.030.0202_Plateau,79,78,80,,,
0,122,1,scene_copresence,Le Chambon-sur-Lignon,45.06081,4.302941,961,Sauvage_50.030.0202_Plateau,79,78,80,,,
0,123,1,scene_copresence,Le Chambon-sur-Lignon,45.06081,4.302941,961,Sauvage_50.030.0202_Plateau,79,78,80,,,
0,124,1,scene_copresence,Le Chambon-sur-Lignon,45.06081,4.302941,961,Sauvage_50.030.0202_Plateau,79,78,80,,,
0,126,1,scene_copresence,Le Chambon-sur-Lignon,45.06081,4.302941,961,Sauvage_50.030.0202_Plateau,79,78,80,,,
0,127,1,scene_copresence,Le Chambon-sur-Lignon,45.06081,4.302941,961,Sauvage_50.030.0202_Plateau,79,78,80,,,
0,128,1,scene_copresence,Le Chambon-sur-Lignon,45.06081,4.302941,961,Sauvage_50.030.0202_Plateau,79,78,80,,,
0,129,1,scene_copresence,Le Chambon-sur-Lignon,45.06081,4.302941,961,Sauvage_50.030.0202_Plateau,79,78,80,,,
0,26,1,scene_copresence,Le Chambon-sur-Lignon,45.06081,4.302941,961,Sauvage_50.030.0202_Plateau,79,78,80,,,
119,121,1,scene_copresence,Le Chambon-sur-Lignon,45.06081,4.302941,961,Sauvage_50.030.0202_Plateau,79,78,80,,,
119,122,1,scene_copresence,Le Chambon-sur-Lignon,45.06081,4.302941,961,Sauvage_50.030.0202_Plateau,79,78,80,,,
119,123,1,scene_copresence,Le Chambon-sur-Lignon,45.06081,4.302941,961,Sauvage_50.030.0202_Plateau,79,78,80,,,
119,124,1,scene_copresence,Le Chambon-sur-Lignon,45.06081,4.302941,961,Sauvage_50.030.0202_Plateau,79,78,80,,,
119,126,1,scene_copresence,Le Chambon-sur-Lignon,45.06081,4.302941,961,Sauvage_50.030.0202_Plateau,79,78,80,,,
119,127,1,scene_copresence,Le Chambon-sur-Lignon,45.06081,4.302941,961,Sauvage_50.030.0202_Plateau,79,78,80,,,
119,128,1,scene_copresence,Le Chambon-sur-Lignon,45.06081,4.302941,961,Sauvage_50.030.0202_Plateau,79,78,80,,,
119,129,1,scene_copresence,Le Chambon-sur-Lignon,45.06081,4.302941,961,Sauvage_50.030.0202_Plateau,79,78,80,,,
119,26,1,scene_copresence,Le Chambon-sur-Lignon,45.06081,4.302941,961,Sauvage_50.030.0202_Plateau,79,78,80,,,
121,122,1,scene_copresence,Le Chambon-sur-Lignon,45.06081,4.302941,961,Sauvage_50.030.0202_Plateau,79,78,80,,,
121,123,1,scene_copresence,Le Chambon-sur-Lignon,45.06081,4.302941,961,Sauvage_50.030.0202_Plateau,79,78,80,,,
121,124,1,scene_copresence,Le Chambon-sur-Lignon,45.06081,4.302941,961,Sauvage_50.030.0202_Plateau,79,78,80,,,
121,126,1,scene_copresence,Le Chambon-sur-Lignon,45.06081,4.302941,961,Sauvage_50.030.0202_Plateau,79,78,80,,,
121,127,1,scene_copresence,Le Chambon-sur-Lignon,45.06081,4.302941,961,Sauvage_50.030.0202_Plateau,79,78,80,,,
121,128,1,scene_copresence,Le Chambon-sur-Lignon,45.06081,4.302941,961,Sauvage_50.030.0202_Plateau,79,78,80,,,
121,129,1,scene_copresence,Le Chambon-sur-Lignon,45.06081,4.302941,961,Sauvage_50.030.0202_Plateau,79,78,80,,,
121,26,1,scene_copresence,Le Chambon-sur-Lignon,45.06081,4.302941,961,Sauvage_50.030.0202_Plateau,79,78,80,,,
122,123,1,scene_copresence,Le Chambon-sur-Lignon,45.06081,4.302941,961,Sauvage_50.030.0202_Plateau,79,78,80,,,
122,124,1,scene_copresence,Le Chambon-sur-Lignon,45.06081,4.302941,961,Sauvage_50.030.0202_Plateau,79,78,80,,,
122,126,1,scene_copresence,Le Chambon-sur-Lignon,45.06081,4.302941,961,Sauvage_50.030.0202_Plateau,79,78,80,,,
122,127,1,scene_copresence,Le Chambon-sur-Lignon,45.06081,4.302941,961,Sauvage_50.030.0202_Plateau,79,78,80,,,
122,128,1,scene_copresence,Le Chambon-sur-Lignon,45.06081,4.302941,961,Sauvage_50.030.0202_Plateau,79,78,80,,,
122,129,1,scene_copresence,Le Chambon-sur-Lignon,45.06081,4.302941,961,Sauvage_50.030.0202_Plateau,79,78,80,,,
122,26,1,scene_copresence,Le Chambon-sur-Lignon,45.06081,4.302941,961,Sauvage_50.030.0202_Plateau,79,78,80,,,
123,124,1,scene_copresence,Le Chambon-sur-Lignon,45.06081,4.302941,961,Sauvage_50.030.0202_Plateau,79,78,80,,,
123,126,1,scene_copresence,Le Chambon-sur-Lignon,45.06081,4.302941,961,Sauvage_50.030.0202_Plateau,79,78,80,,,
123,127,1,scene_copresence,Le Chambon-sur-Lignon,45.06081,4.302941,961,Sauvage_50.030.0202_Plateau,79,78,80,,,
123,128,1,scene_copresence,Le Chambon-sur-Lignon,45.06081,4.302941,961,Sauvage_50.030.0202_Plateau,79,78,80,,,
123,129,1,scene_copresence,Le Chambon-sur-Lignon,45.06081,4.302941,961,Sauvage_50.030.0202_Plateau,79,78,80,,,
123,26,1,scene_copresence,Le Chambon-sur-Lignon,45.06081,4.302941,961,Sauvage_50.030.0202_Plateau,79,78,80,,,
124,126,1,scene_copresence,Le Chambon-sur-Lignon,45.06081,4.302941,961,Sauvage_50.030.0202_Plateau,79,78,80,,,
124,127,1,scene_copresence,Le Chambon-sur-Lignon,45.06081,4.302941,961,Sauvage_50.030.0202_Plateau,79,78,80,,,
124,128,1,scene_copresence,Le Chambon-sur-Lignon,45.06081,4.302941,961,Sauvage_50.030.0202_Plateau,79,78,80,,,
124,129,1,scene_copresence,Le Chambon-sur-Lignon,45.06081,4.302941,961,Sauvage_50.030.0202_Plateau,79,78,80,,,
124,26,1,scene_copresence,Le Chambon-sur-Lignon,45.06081,4.302941,961,Sauvage_50.030.0202_Plateau,79,78,80,,,
126,127,1,scene_copresence,Le Chambon-sur-Lignon,45.06081,4.302941,961,Sauvage_50.030.0202_Plateau,79,78,80,,,
126,128,1,scene_copresence,Le Chambon-sur-Lignon,45.06081,4.302941,961,Sauvage_50.030.0202_Plateau,79,78,80,,,
126,129,1,scene_copresence,Le Chambon-sur-Lignon,45.06081,4.302941,961,Sauvage_50.030.0202_Plateau,79,78,80,,,
126,26,1,scene_copresence,Le Chambon-sur-Lignon,45.06081,4.302941,961,Sauvage_50.030.0202_Plateau,79,78,80,,,
127,128,1,scene_copresence,Le Chambon-sur-Lignon,45.06081,4.302941,961,Sauvage_50.030.0202_Plateau,79,78,80,,,
127,129,1,scene_copresence,Le Chambon-sur-Lignon,45.06081,4.302941,961,Sauvage_50.030.0202_Plateau,79,78,80,,,
127,26,1,scene_copresence,Le Chambon-sur-Lignon,45.06081,4.302941,961,Sauvage_50.030.0202_Plateau,79,78,80,,,
128,129,1,scene_copresence,Le Chambon-sur-Lignon,45.06081,4.302941,961,Sauvage_50.030.0202_Plateau,79,78,80,,,
128,26,1,scene_copresence,Le Chambon-sur-Lignon,45.06081,4.302941,961,Sauvage_50.030.0202_Plateau,79,78,80,,,
129,26,1,scene_copresence,Le Chambon-sur-Lignon,45.06081,4.302941,961,Sauvage_50.030.0202_Plateau,79,78,80,,,
0,147,1,scene_copresence,Le Chambon-sur-Lignon,45.06081,4.302941,961,Sauvage_50.030.0202_Plateau,91,90,92,,,
0,148,1,scene_copresence,Le Chambon-sur-Lignon,45.06081,4.302941,961,Sauvage_50.030.0202_Plateau,91,90,92,,,
0,27,1,scene_copresence,Le Chambon-sur-Lignon,45.06081,4.302941,961,Sauvage_50.030.0202_Plateau,91,90,92,,,
0,28,1,scene_copresence,Le Chambon-sur-Lignon,45.06081,4.302941,961,Sauvage_50.030.0202_Plateau,91,90,92,,,
0,33,1,scene_copresence,Le Chambon-sur-Lignon,45.06081,4.302941,961,Sauvage_50.030.0202_Plateau,91,90,92,,,
147,148,1,scene_copresence,Le Chambon-sur-Lignon,45.06081,4.302941,961,Sauvage_50.030.0202_Plateau,91,90,92,,,
147,27,1,scene_copresence,Le Chambon-sur-Lignon,45.06081,4.302941,961,Sauvage_50.030.0202_Plateau,91,90,92,,,
147,28,1,scene_copresence,Le Chambon-sur-Lignon,45.06081,4.302941,961,Sauvage_50.030.0202_Plateau,91,90,92,,,
147,33,1,scene_copresence,Le Chambon-sur-Lignon,45.06081,4.302941,961,Sauvage_50.030.0202_Plateau,91,90,92,,,
148,27,1,scene_copresence,Le Chambon-sur-Lignon,45.06081,4.302941,961,Sauvage_50.030.0202_Plateau,91,90,92,,,
148,28,1,scene_copresence,Le Chambon-sur-Lignon,45.06081,4.302941,961,Sauvage_50.030.0202_Plateau,91,90,92,,,
148,33,1,scene_copresence,Le Chambon-sur-Lignon,45.06081,4.302941,961,Sauvage_50.030.0202_Plateau,91,90,92,,,
27,28,1,scene_copresence,Le Chambon-sur-Lignon,45.06081,4.302941,961,Sauvage_50.030.0202_Plateau,91,90,92,,,
27,33,1,scene_copresence,Le Chambon-sur-Lignon,45.06081,4.302941,961,Sauvage_50.030.0202_Plateau,91,90,92,,,
28,33,1,scene_copresence,Le Chambon-sur-Lignon,45.06081,4.302941,961,Sauvage_50.030.0202_Plateau,91,90,92,,,
0,147,1,scene_copresence,Le Chambon-sur-Lignon,45.06081,4.302941,961,Sauvage_50.030.0202_Plateau,99,98,100,,,
0,28,1,scene_copresence,Le Chambon-sur-Lignon,45.06081,4.302941,961,Sauvage_50.030.0202_Plateau,99,98,100,,,
147,28,1,scene_copresence,Le Chambon-sur-Lignon,45.06081,4.302941,961,Sauvage_50.030.0202_Plateau,99,98,100,,,
0,159,1,scene_copresence,Le Chambon-sur-Lignon,45.06081,4.302941,961,Sauvage_50.030.0202_Plateau,107,106,108,,,
0,160,1,scene_copresence,Le Chambon-sur-Lignon,45.06081,4.302941,961,Sauvage_50.030.0202_Plateau,107,106,108,,,
0,161,1,scene_copresence,Le Chambon-sur-Lignon,45.06081,4.302941,961,Sauvage_50.030.0202_Plateau,107,106,108,,,
0,163,1,scene_copresence,Le Chambon-sur-Lignon,45.06081,4.302941,961,Sauvage_50.030.0202_Plateau,107,106,108,,,
0,84,1,scene_copresence,Le Chambon-sur-Lignon,45.06081,4.302941,961,Sauvage_50.030.0202_Plateau,107,106,108,,,
159,160,1,scene_copresence,Le Chambon-sur-Lignon,45.06081,4.302941,961,Sauvage_50.030.0202_Plateau,107,106,108,,,
159,161,1,scene_copresence,Le Chambon-sur-Lignon,45.06081,4.302941,961,Sauvage_50.030.0202_Plateau,107,106,108,,,
159,163,1,scene_copresence,Le Chambon-sur-Lignon,45.06081,4.302941,961,Sauvage_50.030.0202_Plateau,107,106,108,,,
159,84,1,scene_copresence,Le Chambon-sur-Lignon,45.06081,4.302941,961,Sauvage_50.030.0202_Plateau,107,106,108,,,
160,161,1,scene_copresence,Le Chambon-sur-Lignon,45.06081,4.302941,961,Sauvage_50.030.0202_Plateau,107,106,108,,,
160,163,1,scene_copresence,Le Chambon-sur-Lignon,45.06081,4.302941,961,Sauvage_50.030.0202_Plateau,107,106,108,,,
160,84,1,scene_copresence,Le Chambon-sur-Lignon,45.06081,4.302941,961,Sauvage_50.030.0202_Plateau,107,106,108,,,
161,163,1,scene_copresence,Le Chambon-sur-Lignon,45.06081,4.302941,961,Sauvage_50.030.0202_Plateau,107,106,108,,,
161,84,1,scene_copresence,Le Chambon-sur-Lignon,45.06081,4.302941,961,Sauvage_50.030.0202_Plateau,107,106,108,,,
163,84,1,scene_copresence,Le Chambon-sur-Lignon,45.06081,4.302941,961,Sauvage_50.030.0202_Plateau,107,106,108,,,
0,168,1,scene_copresence,Le Chambon-sur-Lignon,45.06081,4.302941,961,Sauvage_50.030.0202_Plateau,147,146,148,,,
0,179,1,scene_copresence,Le Chambon-sur-Lignon,45.06081,4.302941,961,Sauvage_50.030.0202_Plateau,147,146,148,,,
0,182,1,scene_copresence,Le Chambon-sur-Lignon,45.06081,4.302941,961,Sauvage_50.030.0202_Plateau,147,146,148,,,
0,183,1,scene_copresence,Le Chambon-sur-Lignon,45.06081,4.302941,961,Sauvage_50.030.0202_Plateau,147,146,148,,,
168,179,1,scene_copresence,Le Chambon-sur-Lignon,45.06081,4.302941,961,Sauvage_50.030.0202_Plateau,147,146,148,,,
168,182,1,scene_copresence,Le Chambon-sur-Lignon,45.06081,4.302941,961,Sauvage_50.030.0202_Plateau,147,146,148,,,
168,183,1,scene_copresence,Le Chambon-sur-Lignon,45.06081,4.302941,961,Sauvage_50.030.0202_Plateau,147,146,148,,,
179,182,1,scene_copresence,Le Chambon-sur-Lignon,45.06081,4.302941,961,Sauvage_50.030.0202_Plateau,147,146,148,,,
179,183,1,scene_copresence,Le Chambon-sur-Lignon,45.06081,4.302941,961,Sauvage_50.030.0202_Plateau,147,146,148,,,
182,183,1,scene_copresence,Le Chambon-sur-Lignon,45.06081,4.302941,961,Sauvage_50.030.0202_Plateau,147,146,148,,,
